Ramblers Frontier | Jupiter Sector | 0.0.0.0:00000 | This is an offline map,,,,,,,,,
Type,Name,X,Y,Z,Size,Speed,VectorX,VectorY,VectorZ
LargeShip,"Base Ship DarkOne",-2069055.74845877,966998.463808052,-2393786.52527891,114.5833,0,0,0,0
Station,"BLU 06",-28327.5,-43375,-15902.5,95.83333,0,0,0,0
LargeShip,"Weldron M",-2069112.13216581,966925.481365196,-2393850.28046929,2.25,0,0,0,0
Station,"Dark 13 Base",-2069110.31064848,966909.332659467,-2393847.71741007,127.0833,0,0,0,0
LargeShip,"Tempest Dock DF",1109740.002555,-727340.159849666,107942.507242968,8.333333,1.091275E-05,-9.515506E-09,-1.091234E-05,9.389859E-08
SmallShip,"Spotdron",1109731.907811,-727280.990392231,107941.960869171,1.666667,0,0,0,0
LargeShip,"Large Ship 6540",-2069115.31321011,966909.339902316,-2393872.87725975,12.5,6.613373E-06,8.693252E-08,6.026945E-06,-2.721229E-06
SmallShip,"Sentinel Dock DF",1109739.99744064,-727287.492747806,107877.340149261,8.333333,0.0001654446,1.673222E-09,-5.506904E-07,0.0001654437
SmallShip,"Zann's Battery Drill",1109728.51426775,-727277.395655178,107942.471611359,3,0,0,0,0
Station,"Blue Mining Inc",152.510962422153,-19.9884736469703,24.9631426501192,220.8333,0,0,0,0
Station,"Dronefab PTY LTD",1109810,-727297.5,107942.5,268.75,0,0,0,0
LargeShip,"Jump Worm",1109740.12309417,-727300.438586735,108030.129326202,79.16666,0.0001184291,2.558289E-06,7.309383E-06,-0.0001181756
LargeShip,"Jump Worm Dock DF",1109739.99744072,-727287.507247471,107997.65985141,8.333333,9.033964E-05,-3.51162E-08,-3.257123E-05,-8.426365E-05
SmallShip,"Drilldron MkI",1109732.08946307,-727279.737451099,107948.992119171,1.916667,0,0,0,0
SmallShip,"Zann's Drilldron MkII",1109729.98204119,-727284.020657085,107946.103447296,2.833333,0,0,0,0
Station,"Platform 9251",-113842.5,-67640,-78310,45.83334,0,0,0,0
SmallShip,"Rover",-113771.579452515,-67650.7964744568,-78328.354724884,4.583333,1.595953E-05,1.553974E-05,3.608875E-06,4.464528E-07
Station,"Outpost IO",1153640.875,-581483,562475.0625,337.5,0,0,0,0
LargeShip,"Z",1148185.70513891,-727277.537516321,109514.117751387,93.75,119.3132,-84.2363,-0.01721387,84.49789
Station,"ganymede base",-2033320.50956597,1121997.86038036,-1929040.67652783,127.0833,0,0,0,0
LargeShip,"Blue Drill Rig Ship",-105478.675156043,-47836.7214990612,-101328.379088172,97.91667,0,0,0,0
Station,"Mining and Filling Station",-113806.896311611,-67640.1821525012,-78303.6734663484,127.0833,0,0,0,0
Station,"Cubicus",1064901.375,-528764.3125,629341.375,245.8333,0,0,0,0
LargeShip,"Welder Shaver Ship",-105444.226952956,-47804.7340217587,-101426.266669044,50,0,0,0,0
Station,"Static Grid 7445",-2033327.625,1122028.375,-1929064,175,0,0,0,0
LargeShip,"Drill head",-113651.612487793,-67644.3560466766,-78280.4399909973,52.08334,0.3679379,-0.01429062,-0.3401704,0.1394925
LargeShip,"Large Grid 8711",1153639.40020298,-581498.84783936,562487.417582555,8.333333,0.0004089888,0.0002671288,-0.000177884,-0.0002535179
LargeShip,"Large Grid 2044",1153624.62068962,-581494.719060903,562455.561286016,18.75,0.008066177,-0.003064489,-0.005523753,-0.005016003
LargeShip,"Little Harry Miner",1012564.62340745,-516054.003213318,313056.10858754,3,0.0004484715,0.0003717639,4.616193E-05,0.0002465509
LargeShip,"Rorys New Sexy",286.93658161338,-3.83408092770151,106.01097243846,60.41666,0,0,0,0
LargeShip,"ONE Space Colony Station",1012656.1398085,-516070.640499623,313071.073157466,518.75,9.283574E-05,3.563707E-05,4.853591E-05,7.065933E-05
SmallShip,"Remote Police Turret",1012676.15542424,-515966.557479983,313050.507761628,3.583333,0,0,0,0
SmallShip,"ATMOS Weldron",1153617.85584307,-581499.067806136,562451.061815045,2.916667,0,0,0,0
LargeShip,"Large Grid 5975",-105443.24969443,-47923.5524227749,-101077.362917509,8.333333,7.897567E-06,2.618767E-06,3.45857E-06,-6.599388E-06
LargeShip,"Arcadius Voyager",1012539.90737736,-516103.160995608,313056.001902253,106.25,0,0,0,0
LargeShip,"Print ship",1012667.82010636,-516133.684925588,313054.372198499,2.5,0,0,0,0
Station,"Home Plate",42363.75,-11701.25,-35948.75,62.5,0,0,0,0
LargeShip,"Driller",42355.2724864555,-11721.5454325777,-35937.9048809524,52.08334,0,0,0,0
LargeShip,"DSS Heavy Transport",42320.0068614555,-11706.0063700777,-35926.2173809524,79.16666,0,0,0,0
LargeShip,"Bastion",234559.800299158,-56465.1190152864,73766.8127490867,175,0,0,0,0
LargeShip,"NanoHQ",54433.9107679594,5425.95753198899,-25495.5123984408,187.5,0,0,0,0
LargeShip,"Wolverine",234954.518713465,-56550.484690259,74092.0938159812,4.083333,0,0,0,0
SmallShip,"NanoMiner",54432.0229747368,5431.50730179729,-25518.7696270462,2.416667,0,0,0,0
LargeShip,"Large Grid 3779",1153594.84071468,-581544.148828511,562381.335188909,22.91667,0.04110545,0.03151204,-0.01642988,-0.02065691
SmallShip,"NanoMiner MkII",54436.7594007719,5424.76514917649,-25536.583199222,3.416667,0.000473284,-0.0004002317,-0.0001942515,0.0001614889
SmallShip,"High Speed Transport",-28325.9347244163,-43389.4199625917,-15893.1036902433,2.583333,0,0,0,0
LargeShip,"Large Grid 3779",1153670.9172356,-581535.234510427,562510.036395116,22.91667,0.04183131,0.03254604,-0.01642325,-0.02051564
LargeShip,"Large Grid 4513",1153668.23821568,-581475.235843663,562447.842608495,22.91667,0.04528186,0.0357042,-0.02072302,-0.01860682
LargeShip,"Large Grid 3779",1153670.91572498,-581475.601608997,562453.021685644,22.91667,0.04057875,0.03113041,-0.01620829,-0.02036723
LargeShip,"Large Grid 8971",1153667.59640049,-581533.996541982,562508.546076818,16.66667,0.01292194,0.01042093,-0.003646351,-0.006714533
LargeShip,"Large Grid 4513",1153592.16631436,-581603.41233254,562433.170237585,22.91667,0.04522016,0.03578615,-0.02026166,-0.01880636
LargeShip,"Large Grid 8971",1153591.52159809,-581602.543268209,562436.859488531,16.66667,0.01415403,0.01143334,-0.003550396,-0.007550491
LargeShip,"Large Grid 3779",1153594.84432339,-581603.776979451,562438.34913735,22.91667,0.04105821,0.03145566,-0.01647522,-0.02061275
LargeShip,"Large Grid 4513",1153668.24300312,-581534.861337667,562504.8561583,22.91667,0.04496886,0.03590722,-0.02070557,-0.01743986
LargeShip,"Large Grid 8971",1153591.51844334,-581542.91409493,562379.845377965,16.66667,0.01527067,0.01201344,-0.004999915,-0.007991964
LargeShip,"Large Grid 8971",1153667.59324574,-581474.367342,562451.531947179,16.66667,0.01392565,0.01110539,-0.004009374,-0.007383686
LargeShip,"Large Grid 4513",1153592.16361355,-581543.782121663,562376.15596108,22.91667,0.04510718,0.03581408,-0.02024691,-0.01849519
LargeShip,"Large Grid 8283",1012694.2679213,-516207.469776662,313125.605216182,6.25,0.001094086,0.001093304,4.056771E-05,7.98679E-06
LargeShip,"Hamster 5",172251.04251569,446412.201155772,1395840.25011164,66.66666,0,0,0,0
SmallShip,"ONE mining drone",1012648.96895584,-516055.53687981,313093.330706752,2.083333,0.001590968,-0.001508302,-0.0003667052,0.0003489021
SmalShip,"Police Turret 2",1012726.72378361,-516284.409042483,313116.328074128,3.583333,0,0,0,0
Station,"Haven 17 (Under Construction -Daerune-)",234691.578125,-56551.6875,73814.484375,179.1667,0,0,0,0
SmallShip,"Scout",42311.1709239555,-11671.3169169527,-35934.6548809524,68.75,0,0,0,0
SmallShip,"Small Grid 439",1012643.82797226,-516139.860569509,313061.495918429,3.083333,0.0001522993,5.106779E-05,0.0001431163,-1.024082E-05
LargeShip,"Police Turret 4",1012198.84243596,-516314.405136233,312984.355417878,3.583333,0,0,0,0
LargeShip,"Police Turret 3",1012879.77261174,-516300.012558108,313214.029246003,3.583333,0,0,0,0
Station,"Spawn cave",-19601.25,-56776.25,-69126.25,16.66667,0,0,0,0
LargeShip,"Mining Ship",1012643.68472111,-516133.203964358,313004.267527253,62.5,0,0,0,0
Station,"One Ice House",1109087.59699275,-493663.494177642,586000.931848603,47.91666,0,0,0,0
SmallShip,"Small Grid 6979",-322637.010256042,200098.780598048,-330512.049479254,4,0,0,0,0
LargeShip,"Mining Ship (INT)",234482.356802454,-56487.4880929689,73809.7119953025,1.833333,0,0,0,0
LargeShip,"Large Grid 99",-322651.608897479,200108.827488586,-330553.757497346,114.5833,0.0002107683,1.442642E-05,0.000168371,0.0001259618
LargeShip,"Welder Ship - Nerd 1",1012594.96792206,-516086.465691121,313072.136658824,2.5,0,0,0,0
LargeShip,"Argo",1089150.67172361,-453814.870733234,571647.506801305,95.83333,0,0,0,0
Station,"NRE HQ",-110.562171936035,24569.236328125,16405.484375,175,0,0,0,0
SmallShip,"Small Grid 5767",-322607.140141715,200110.770839397,-330537.579755314,3.583333,0,0,0,0
LargeShip,"Large Grid 6864",1012656.84651169,-516107.199478658,313051.990857518,29.16667,0.0002591508,-0.0002304767,-9.994983E-05,6.363669E-05
SmallShip,"Trader Shuttle",-1996613.07315563,1019705.11450707,-2102906.26992277,1.916667,0,0,0,0
SmallShip,"Small Grid 8522",-322640.904205115,200109.854999229,-330538.729781663,3.916667,0,0,0,0
LargeShip,"Large Grid 3046",1012644.28971085,-516157.940166982,313075.171866572,8.333333,0.0005305825,-0.0003752827,0.0003650964,8.593767E-05
SmallShip,"Welder Ship - Nerd 2",1012658.89767441,-516128.433270009,313063.484172023,2.5,0,0,0,0
LargeShip,"Jump Array",210.144639016944,5.45507074084708,-9.58277756153984,41.66666,0,0,0,0
Station,"8 HOME Slosh",-1996512.86192597,1019902.13835033,-2102715.74527511,18.75,0,0,0,0
Station,"Static Grid 7062",37103.75,-31518.75,65268.75,102.0833,0,0,0,0
LargeShip,"Large Projector Ship",1012684.18032658,-516048.425644045,313091.075144441,58.33334,7.00678E-05,-4.932994E-05,1.264184E-05,-4.81273E-05
SmallShip,"Projdron",1109754.30918963,-727288.607574009,107932.060478546,1.333333,0,0,0,0
SmallShip,"Welder Drone",-176.290983778918,24566.1024386883,16446.7228852983,2.5,0,0,0,0
LargeShip,"Large Grid 3383",37093.5750909642,-31512.1550729874,65253.1652885861,39.58333,0,0,0,0
LargeShip,"PvP Miner",-207.91012225815,24565.2098648548,16415.7355806108,2.833333,0,0,0,0
SmallShip,"Blue Shuttle Pod",179.343777658301,-22.0137679508643,5.73167556346016,1.416667,0,0,0,0
LargeShip,"Birdsong Station",-1996232.62862133,1019554.57890069,-2102952.65030913,122.9167,0,0,0,0
LargeShip,"Large Grid 2251",1012643.43259415,-516115.087662252,313087.183928645,25,0.001430106,0.000565236,0.0013127,5.02998E-05
LargeShip,"Tempest",1109704.71836741,-727356.956180118,107942.945244171,158.3333,2.637183E-05,-2.301345E-05,8.70628E-06,9.489748E-06
SmallShip,"Small Grid 1458",1012632.71807846,-516164.354275258,313064.864524043,2.833333,0.0005142367,-0.0003454134,1.357339E-05,0.0003807161
LargeShip,"Nibbler",-1996452.27217601,1019798.94084489,-2102645.83261732,79.16666,0,0,0,0
LargeShip,"Greenpeace Voyager - MV1",1109570.70176775,-727232.787276768,107970.039970734,122.9167,5.15136E-06,4.338872E-06,2.067307E-06,1.853899E-06
SmallShip,"Slosh's project-o-stick",-1996489.09002422,1019711.04295861,-2102722.02883009,2.75,0,0,0,0
LargeShip,"Large Grid 6230",1012706.76239762,-516215.569386037,313125.310668147,35.41667,0.001126312,-0.0001766447,-0.0008221008,-0.0007493496
LargeShip,"Pegasus",1109693.94395525,-727289.619295143,107844.738212921,152.0833,0,0,0,0
LargeShip,"Blue Mining Survey Ship_Mk10",-2033554.15683064,1121902.56712589,-1928797.41448868,222.9167,0.01757674,0.008736022,-0.01314276,0.007738974
LargeShip,"Large Grid 6390",-2033336.84004006,1121956.78903064,-1929010.19734085,14.58333,0.0007496862,-0.0004599644,-0.0004217603,-0.0004154279
Station,"Crimson Permanent Assurance",-105438.890624997,-47802.6172528057,-101403.894997417,256.25,0,0,0,0
Station,"OME Fort Hope",-2054480.72256229,1197485.71172833,-1894135.12847007,168.75,0,0,0,0
SmallShip,"Weldron",1012596.40151799,-516273.207870608,313072.406199128,2,0,0,0,0
SmallShip,"Sentinel",1109723.42736514,-727222.145629429,107911.229423859,127.0833,0,0,0,0
SmallShip,"Small Grid 7686",1109572.35150607,-727231.474002384,107993.966602661,0.8333333,0.02338836,-0.020475,-0.005320944,-0.009973824
LargeShip,"Newb - Large Miner",281.455105783301,-11.9551718166786,73.7155584675129,54.16666,0,0,0,0
SmallShip,"DSS Driller",41804.9814708305,-11173.2798075777,-36326.1348614212,35.41667,0,0,0,0
SmallShip,"CR02",1084692.67089817,-672909.518734784,160753.10213869,75,0,0,0,0
LargeShip,"Hamster",172249.897179062,446444.536038985,1395805.34101015,47.91666,0,0,0,0
SmallShip,"Small Grid 4542",1109129.90282684,-493683.270648161,585899.069136376,1.083333,0.264446,-0.03189716,0.1215262,-0.2326921
SmallShip,"Sentinel Pod",1012658.0995253,-516147.081654103,313063.443628467,2.666667,0.002282819,0.000412042,0.002148467,0.0006523604
SmallShip,"CR03",1072257.76517576,-645812.509696345,187090.658569944,75,0,0,0,0
SmallShip,"Weldron",1109711.8781835,-727351.562422792,107946.757977809,2,0,0,0,0
SmallShip,"CR01",1097123.44184614,-700016.249275909,134426.125056403,75,0,0,0,0
SmallShip,"Welder Ship",894328.042882906,-262751.092773441,558710.354895757,2.416667,0,0,0,0
LargeShip,"CR04",1059821.84235113,-618716.137789902,213429.051270688,75,0,0,0,0
Station,"Static Grid 6667",1110518.68932053,-493951.159281803,584743.934468867,41.66666,0,0,0,0
SmallShip,"Small Grid 6442",894297.235265719,-262795.649414066,558740.171302007,1.75,0,0,0,0
SmallShip,"Small Grid 9154",1012670.65236649,-516131.586285146,313052.153220332,0.6666667,0,0,0,0
SmallShip,"Small Grid 8698",1012668.04160294,-516127.10627416,313050.682252801,0.6666667,0.002804464,0.001418529,0.002417723,-8.607713E-05
Station,"Static Grid 9788",1109068.125,-493676,585846.0625,43.75,0,0,0,0
SmallShip,"Small Grid 4057",1109126.7572084,-493683.981501738,585901.743704553,3.25,0.1611733,0.008899078,-0.02646518,-0.1587364
Station,"Bloodstone Inc",1109129.71846165,-493673.876924899,585938.990501978,147.9167,0,0,0,0
SmallShip,"CR07",1022507.93667424,-537426.741073733,292438.370066316,75,0,0,0,0
SmallShip,"CR05",1047386.94171945,-591620.075160341,239766.517015214,75,0,0,0,0
SmallShip,"CR06",1034944.06468321,-564521.551402289,266099.600589321,75,0,0,0,0
SmallShip,"Small Grid 9301",1109131.67765289,-493684.542124907,585903.153273339,1.083333,0.4238664,-0.01703759,0.3718232,-0.2027806
SmallShip,"Small Grid 1665",1012670.10410294,-516127.554081472,313053.197919763,0.6666667,0,0,0,0
SmallShip,"Small Grid 8637",1109124.78256851,-493686.144478956,585898.504507775,1.083333,0.2233638,-0.02988525,0.08046944,-0.2062109
LargeShip,"Large Grid 7578",1012547.62905705,-518918.566757327,309103.993601472,27.08333,0,0,0,0
Station,"Static Grid 9209",-105438.890624997,-47802.6172528057,-101403.894997417,481.25,0,0,0,0
Station,"Static Grid 8012",-105438.890624997,-47802.6172528057,-101403.894997417,16.66667,0,0,0,0
Station,"Static Grid 4246",1109068.625,-493668.21875,585929.5625,62.5,0,0,0,0
LargeShip,""Laio" - Light explorer's vessel - Vanilla",-181596.684665526,-188647.876556722,-120689.208368582,72.91666,0,0,0,0
SmallShip,"Small Grid 1458",1012580.35659611,-516236.567245608,313075.136667878,2,0,0,0,0
SmallShip,"EMP Drone Alpha",42353.3403575493,-11716.2065653902,-35915.7466778274,1.25,0,0,0,0
LargeShip,"Large Grid 3751",1012678.79539475,-516055.522062691,313087.950198329,8.333333,0.0003154021,0.0001166725,0.0001967532,0.0002171502
SmallShip,"Weldron M",-2069107.27139789,966922.401084867,-2393856.3537558,2,0,0,0,0
SmallShip,"Spotdron",1109718.43192078,-727276.038425968,107947.562508221,1.916667,0,0,0,0
SmallShip,"Drilldron MkII",1109729.97759748,-727278.006044547,107949.074039112,2.666667,0,0,0,0
LargeShip,"Z",1148204.92743749,-727270.04015042,109372.411948357,93.75,0,0,0,0
LargeShip,"Temple of the Four",1012663.38142368,-515934.933305638,313093.007519967,145.8333,0,0,0,0
LargeShip,"Dronefab PTY LTD",1109720,-727292.5,107947.5,310.4167,0,0,0,0
LargeShip,"Blue Mining Rig Ship V2",-105467.770020653,-47756.5839342092,-101385.957736817,97.91667,0,0,0,0
LargeShip,"Medium Shipyard Optium",1012667.18164935,-516089.346202746,312940.389670036,275,0,0,0,0
LargeShip,"Wolverine",234947.547415023,-56550.3280119869,74087.0069248873,4,0,0,0,0
LargeShip,"Argo",1089146.22518398,-453829.1328631,571656.957723977,81.25,0,0,0,0
SmallShip,"Weldron",1109754.23052665,-727285.822496725,107934.796745327,2,0,0,0,0
SmallShip,"Grey Mass Extractor",1012639.34628571,-516160.721639322,313055.830842293,43.75,0,0,0,0
SmalShip,"Autonomous Mining Drone : Voxeliminator [no mods]",234474.556213371,-56485.8881375047,73810.0135966431,3.333333,0,0,0,0
SmallShip,"Patrol pod",1012635.85512236,-516171.285380298,313056.656709499,2.666667,0,0,0,0
LargeShip,"Project Miner",1012705.8184829,-516206.162090184,313118.840620658,43.75,0,0,0,0
LargeShip,"Greenpeace Voyager - LM",1109568.09182174,-727234.28159985,107937.582996439,122.9167,0,0,0,0
LargeShip,"-Laio-",-181596.875687829,-188654.906906101,-120703.588483259,72.91666,0,0,0,0
Planet,"Europa-12345d120000",-116054.5,-123114.5,-55149.5,120000,0,0,0,0
Planet,"Mars-12345d120000-0-1",1103725.5,-555022.5,590148.5,120000,0,0,0,0
Planet,"Moon-12345d120000",691936.5,2242906.5,3045333.5,120000,0,0,0,0
Planet,"Alien-12345d120000-0",-2001660.5,1159980.5,-1892612.5,120000,0,0,0,0
Asteroid,"Asteroid_-1_-1_-1_6_708557403",-3516.13948477785,-2455.09646109056,-2250.8266424705,64,0,0,0,0
Asteroid,"Asteroid_0_-1_0_6_1893398929",433.256770809533,-2172.38925987337,4258.34457738504,512,0,0,0,0
Asteroid,"Asteroid_0_-1_0_12_213655909",4719.12377910857,-666.366864517736,2398.31789032734,128,0,0,0,0
Asteroid,"Asteroid_0_-1_0_14_413554874",4878.94213344537,-412.671755363459,2698.64087540213,64,0,0,0,0
Asteroid,"Asteroid_-41_16_-10_12_281063023",-615729.812698031,247990.658476435,-141407.133996534,512,0,0,0,0
Asteroid,"Asteroid_-1_0_-1_11_1687453353",-1329.48286851591,1335.41683275614,-2583.30088579576,64,0,0,0,0
Asteroid,"Asteroid_-130_73_-120_13_1825956026",-1989485.28247874,1133444.53714985,-1832221.98457302,512,0,0,0,0
Asteroid,"Asteroid_-1_0_-1_10_2050454125",-1030.05622954567,822.16754217457,-3124.55198382858,64,0,0,0,0
Asteroid,"Asteroid_64_-33_32_4_1923236004",993093.172693642,-499989.41418661,494381.140358824,256,0,0,0,0
Asteroid,"Asteroid_-1_0_-1_9_1128865895",-1451.69403685991,208.184644538754,-3542.47607434408,64,0,0,0,0
Asteroid,"Asteroid_0_-1_-1_4_648022698",1122.32343280722,-4114.57709402267,-10208.182521012,64,0,0,0,0
Asteroid,"Asteroid_0_-1_-1_15_1930692115",3168.15147595091,-37.8439603058366,-3813.91609942001,128,0,0,0,0
Asteroid,"Asteroid_0_-1_-1_17_2046262539",2800.37357656471,58.0319928334014,-3540.81021876281,64,0,0,0,0
Asteroid,"Asteroid_0_-1_-1_16_132839644",2798.51861954256,103.232561586324,-4184.31917086195,64,0,0,0,0
Asteroid,"Asteroid_-65_-23_65_3_1309193777",-992259.25206566,-339966.206009864,1006113.49182822,128,0,0,0,0
Asteroid,"Asteroid_3_29_19_5_1539430955",48341.0986915872,447302.519523047,306380.922803365,64,0,0,0,0
Asteroid,"Asteroid_3_29_19_3_1498956951",48103.5057118008,448594.954836615,306138.038554031,64,0,0,0,0
Asteroid,"Asteroid_3_28_19_9_1811251889",55893.8986194503,439481.102839553,298429.127546993,512,0,0,0,0
Asteroid,"Asteroid_61_-40_44_16_344400153",938921.15714689,-600914.714445989,686728.511506856,256,0,0,0,0
Asteroid,"Asteroid_61_-38_44_5_1280411715",948833.298444181,-582189.504766139,677515.094689075,64,0,0,0,0
Asteroid,"Asteroid_64_-38_42_7_1138608572",986853.978625163,-583413.213650579,645577.476578924,512,0,0,0,0
Asteroid,"Asteroid_62_-38_43_4_1027510331",958077.608908947,-575045.993466649,673643.747043539,512,0,0,0,0
Asteroid,"Asteroid_-1141_1811_948_7_101027345",-17515458.2506046,27821438.3001191,14564672.2986795,128,0,0,0,0
Asteroid,"Asteroid_61_-39_44_1_1759659639",946888.475208614,-587743.156269537,682893.272563404,512,0,0,0,0
Asteroid,"Asteroid_61_-40_44_12_967767328",938869.764866286,-602735.730558686,685330.085288172,512,0,0,0,0
Asteroid,"Asteroid_4_29_18_14_730324143",71360.7600589508,454693.789678559,285883.426591182,64,0,0,0,0
Asteroid,"Asteroid_4_29_18_12_153455991",71179.9466550376,454752.353926225,285496.225751304,128,0,0,0,0
Asteroid,"Asteroid_3_30_18_14_1069832830",59273.3474416178,463324.846023781,289126.091005966,256,0,0,0,0
Asteroid,"Asteroid_3_30_18_15_246363747",59078.3906445983,462243.674552653,289112.03081717,64,0,0,0,0
Asteroid,"Asteroid_4_29_18_13_772360502",71580.3206472668,454662.660040391,285262.827092972,64,0,0,0,0
Asteroid,"Asteroid_4_29_18_7_529113808",71957.445381769,456045.223457027,289378.605031773,256,0,0,0,0
Asteroid,"Asteroid_3_29_19_11_38111773",54875.6739666873,458320.491025721,295198.670547616,512,0,0,0,0
Asteroid,"Asteroid_-1_-1_0_1_1200813681",-333.848139918571,-4407.34777608134,7691.75333953288,512,0,0,0,0
Asteroid,"Asteroid_0_-1_0_1_822528251",3507.80200978383,-8598.86148472007,4656.16469886138,512,0,0,0,0
Asteroid,"Asteroid_-2_-3_-1_0_997697151",-20028.143965511,-36974.8585463089,-8466.00509751705,256,0,0,0,0
Asteroid,"Asteroid_62_-38_43_9_1818237505",959304.654067908,-574564.328996231,671359.124311742,256,0,0,0,0
Asteroid,"Asteroid_-78_66_320_6_1649699854",-1188847.87146758,1018536.51466496,4915893.83246549,512,0,0,0,0
Asteroid,"Asteroid_0_-1_-1_2_1463415153",2276.02950106446,-4337.26304923825,-9997.99080980639,512,0,0,0,0
Asteroid,"Asteroid_-1_-1_-1_5_690186693",-3714.90993386666,-2409.35254876774,-2748.89699444333,128,0,0,0,0
Asteroid,"P(Europa-12345d120000)S((60, 117, 33))A(SnowCoverageIronCore__43)-0",-113836.256457299,-67689.5888785124,-78437.1524040699,16,0,0,0,0
Asteroid,"P(Mars-12345d120000-0-1)S((0, 102, 123))A(StoneCoverageIronCore__289)-0",1064710.09173918,-528876.972124577,629228.216638684,16,0,0,0,0
Asteroid,"Asteroid_-48_9_-39_6_2034594460",-732292.773891514,153032.856727334,-591693.062367835,512,0,0,0,0
Asteroid,"P(Mars-12345d120000-0-1)S((0, 102, 123))A(StoneCoverageIronCore__98)-1",1064699.26781821,-528917.116277665,629240.37958169,16,0,0,0,0
Asteroid,"Asteroid_-26_4_-20_2_1469569892",-393393.694944944,72184.6745378935,-306245.143958126,256,0,0,0,0
Asteroid,"P(Mars-12345d120000-0-1)S((-1, 102, 120))A(StoneCoverageIronCore__332)-4",1064032.85616851,-528807.089861035,628550.953074813,16,0,0,0,0
Asteroid,"P(Mars-12345d120000-0-1)S((-1, 100, 118))A(StoneCoverageIronCore__508)-0",1063172.11653686,-528980.265807152,627836.179230452,16,0,0,0,0
Asteroid,"P(Mars-12345d120000-0-1)S((-1, 101, 118))A(StoneCoverageIronCore__719)-3",1063189.08979535,-528531.229167283,627556.419896841,16,0,0,0,0
Asteroid,"P(Mars-12345d120000-0-1)S((-1, 101, 117))A(StoneCoverageIronCore__249)-1",1063045.08975951,-528662.985859394,627508.269114971,16,0,0,0,0
Asteroid,"P(Mars-12345d120000-0-1)S((-1, 101, 117))A(StoneCoverageIronCore__666)-2",1063013.95451033,-528585.374209166,627442.000668287,16,0,0,0,0
Asteroid,"Asteroid_69_-35_40_1_1320643018",1063114.74119482,-530441.780665879,629213.164282542,256,0,0,0,0
Asteroid,"Asteroid_-1_-1_0_3_1869588500",-3574.02334761318,-1160.08272606674,11187.7081360445,256,0,0,0,0
Asteroid,"Asteroid_0_0_-1_4_364466696",6128.35858773154,11279.2487897928,-347.526583356794,512,0,0,0,0
Asteroid,"P(Europa-12345d120000)S((-1, 5, 84))A(SnowCoverageIronCore__308)-0",-158893.600424767,-161830.831573486,-36338.5240006447,16,0,0,0,0
Asteroid,"P(Europa-12345d120000)S((-1, 7, 83))A(SnowCoverageIronCore__666)-1",-159476.521398783,-161070.103034377,-36389.1735353023,16,0,0,0,0
Asteroid,"P(Europa-12345d120000)S((-1, 7, 83))A(SnowCoverageIronCore__234)-3",-159550.902809724,-160946.562426806,-36286.8931167126,16,0,0,0,0
Asteroid,"P(Europa-12345d120000)S((-1, 7, 85))A(SnowCoverageIronCore__257)-4",-159211.603767633,-160901.836597204,-35359.8657796383,16,0,0,0,0
Asteroid,"P(Europa-12345d120000)S((-1, 7, 83))A(SnowCoverageIronCore__742)-2",-159589.509099603,-160982.448756218,-36435.3629367352,16,0,0,0,0
Asteroid,"Asteroid_-5_-6_-4_0_1201730130",-64368.5970649054,-84403.9710790759,-50294.0978851871,512,0,0,0,0
Asteroid,"P(Europa-12345d120000)S((117, 70, 46))A(SnowCoverageIronCore__810)-0",-57672.1975979209,-111346.199366331,-67041.2638165951,16,0,0,0,0
Asteroid,"Asteroid_58_-17_37_4_388344454",892537.726075713,-247660.218658712,579367.905950891,64,0,0,0,0
Asteroid,"P(Mars-12345d120000-0-1)S((-1, 104, 36))A(StoneCoverageIronCore__519)",1056073.89996052,-521903.498487554,570646.602398753,16,0,0,0,0
Asteroid,"P(Mars-12345d120000-0-1)S((-1, 103, 37))A(StoneCoverageIronCore__608)",1055651.79121733,-522126.39253068,571173.030740738,16,0,0,0,0
Asteroid,"P(Mars-12345d120000-0-1)S((-1, 103, 37))A(StoneCoverageIronCore__311)",1055651.56040773,-521865.749963284,571527.895869255,16,0,0,0,0
Asteroid,"P(Mars-12345d120000-0-1)S((123, 29, 28))A(StoneCoverageIronCore__397)",1154232.47984755,-581094.824745178,563196.365692616,16,0,0,0,0
Asteroid,"P(Mars-12345d120000-0-1)S((123, 27, 26))A(StoneCoverageIronCore__170)",1152994.45457911,-582239.405525431,562133.399116755,16,0,0,0,0
Asteroid,"P(Mars-12345d120000-0-1)S((123, 27, 26))A(StoneCoverageIronCore__296)",1152902.11138189,-582095.069289207,561845.98053503,16,0,0,0,0
Asteroid,"P(Mars-12345d120000-0-1)S((123, 27, 26))A(StoneCoverageIronCore__482)",1152794.23008394,-582339.855332136,561943.105147123,16,0,0,0,0
Asteroid,"P(Mars-12345d120000-0-1)S((123, 27, 26))A(StoneCoverageIronCore__726)",1152861.80406845,-582308.711252928,562039.556497812,16,0,0,0,0
Asteroid,"P(Mars-12345d120000-0-1)S((123, 27, 27))A(StoneCoverageIronCore__27)-3",1153404.69762883,-582152.414619684,562749.866195202,16,0,0,0,0
Asteroid,"P(Mars-12345d120000-0-1)S((123, 28, 26))A(StoneCoverageIronCore__121)-6",1153436.93552271,-581525.466166496,562159.553035975,16,0,0,0,0
Asteroid,"P(Mars-12345d120000-0-1)S((123, 28, 26))A(StoneCoverageIronCore__125)-2",1153163.77394903,-581808.127901316,561996.042413712,16,0,0,0,0
Asteroid,"P(Mars-12345d120000-0-1)S((123, 28, 26))A(StoneCoverageIronCore__136)",1153296.92709929,-581239.578024387,561647.510881901,16,0,0,0,0
Asteroid,"P(Mars-12345d120000-0-1)S((123, 28, 26))A(StoneCoverageIronCore__457)-5",1153318.33613002,-581589.90638566,562048.030219793,16,0,0,0,0
Asteroid,"P(Mars-12345d120000-0-1)S((123, 28, 27))A(StoneCoverageIronCore__679)-4",1153331.11994171,-581921.594546437,562387.578652561,16,0,0,0,0
Asteroid,"P(Mars-12345d120000-0-1)S((123, 28, 27))A(StoneCoverageIronCore__748)-1",1153446.1536516,-581661.322846413,562307.073911667,16,0,0,0,0
Asteroid,"P(Mars-12345d120000-0-1)S((123, 28, 28))A(StoneCoverageIronCore__217)",1153599.63828576,-582156.616192818,563158.314835787,16,0,0,0,0
Asteroid,"P(Mars-12345d120000-0-1)S((123, 28, 28))A(StoneCoverageIronCore__542)",1153911.56523395,-581677.516930223,563189.093903303,16,0,0,0,0
Asteroid,"P(Mars-12345d120000-0-1)S((123, 28, 28))A(StoneCoverageIronCore__556)",1153844.91769934,-582043.152233183,563427.810634136,16,0,0,0,0
Asteroid,"P(Mars-12345d120000-0-1)S((123, 29, 27))A(StoneCoverageIronCore__975)",1153563.80918384,-581324.907839298,562214.61143589,16,0,0,0,0
Asteroid,"P(Mars-12345d120000-0-1)S((123, 29, 27))A(StoneCoverageIronCore__98)",1153740.58291912,-581094.804132223,562284.42397666,16,0,0,0,0
Asteroid,"P(Mars-12345d120000-0-1)S((123, 29, 26))A(StoneCoverageIronCore__600)",1153655.38967675,-580603.85396862,561725.181029797,16,0,0,0,0
Asteroid,"P(Mars-12345d120000-0-1)S((123, 29, 26))A(StoneCoverageIronCore__463)",1153467.58682691,-581026.891228676,561755.644244671,16,0,0,0,0
Asteroid,"P(Mars-12345d120000-0-1)S((123, 29, 26))A(StoneCoverageIronCore__345)",1153457.00273061,-580943.474533737,561669.350224137,16,0,0,0,0
Asteroid,"P(Mars-12345d120000-0-1)S((123, 29, 26))A(StoneCoverageIronCore__166)",1153639.5883162,-580950.054381728,562027.282430649,16,0,0,0,0
Asteroid,"P(Mars-12345d120000-0-1)S((-1, 104, 37))A(StoneCoverageIronCore__606)",1055985.20394063,-521408.250189543,571782.566911697,16,0,0,0,0
Asteroid,"P(Mars-12345d120000-0-1)S((-1, 104, 38))A(StoneCoverageIronCore__239)",1055557.5041573,-521581.640357971,572314.029273748,16,0,0,0,0
Asteroid,"P(Mars-12345d120000-0-1)S((-1, 104, 38))A(StoneCoverageIronCore__864)",1055526.54091537,-521675.903989315,572190.302585125,16,0,0,0,0
Asteroid,"P(Mars-12345d120000-0-1)S((-1, 105, 37))A(StoneCoverageIronCore__995)",1056434.50860882,-520848.167425334,571663.039405823,16,0,0,0,0
Asteroid,"P(Mars-12345d120000-0-1)S((-1, 105, 38))A(StoneCoverageIronCore__153)",1056106.87143326,-520774.35288012,572666.186835334,16,0,0,0,0
Asteroid,"P(Mars-12345d120000-0-1)S((-1, 105, 38))A(StoneCoverageIronCore__994)",1056072.95357537,-520968.746086121,572453.310168266,16,0,0,0,0
Asteroid,"P(Mars-12345d120000-0-1)S((0, 101, 123))A(StoneCoverageIronCore__610)",1064613.38944101,-529461.844481111,629548.201750636,16,0,0,0,0
Asteroid,"P(Mars-12345d120000-0-1)S((0, 101, 123))A(StoneCoverageIronCore__915)",1064635.03767014,-529318.721385181,629432.863712549,16,0,0,0,0
Asteroid,"P(Mars-12345d120000-0-1)S((0, 103, 123))A(StoneCoverageIronCore__525)",1065100.44003916,-528209.729240894,629164.853561461,16,0,0,0,0
Asteroid,"P(Mars-12345d120000-0-1)S((1, 102, 123))A(StoneCoverageIronCore__60)",1065176.28452683,-528526.918983221,629427.393769741,16,0,0,0,0
Asteroid,"P(Mars-12345d120000-0-1)S((1, 102, 123))A(StoneCoverageIronCore__738)",1065079.13753486,-528664.569437712,629457.359739065,16,0,0,0,0
Asteroid,"P(Mars-12345d120000-0-1)S((1, 103, 123))A(StoneCoverageIronCore__951)",1065314.42062125,-528263.558996201,629398.212562561,16,0,0,0,0
Asteroid,"P(Mars-12345d120000-0-1)S((1, 103, 123))A(StoneCoverageIronCore__956)",1065349.81923783,-528075.897871017,629313.511962175,16,0,0,0,0
Asteroid,"P(Mars-12345d120000-0-1)S((-1, 101, 122))A(StoneCoverageIronCore__109)",1064174.2819488,-529485.999198437,629230.766843528,16,0,0,0,0
Asteroid,"P(Mars-12345d120000-0-1)S((-1, 102, 121))A(StoneCoverageIronCore__278)",1064252.89199162,-528480.559729576,628469.111777425,16,0,0,0,0
Asteroid,"P(Mars-12345d120000-0-1)S((-1, 102, 121))A(StoneCoverageIronCore__426)",1064127.92120624,-528894.185840368,628704.703617573,16,0,0,0,0
Asteroid,"P(Mars-12345d120000-0-1)S((-1, 102, 122))A(StoneCoverageIronCore__1)",1064494.48629379,-528945.036670446,629007.5856269,16,0,0,0,0
Asteroid,"P(Mars-12345d120000-0-1)S((-1, 102, 122))A(StoneCoverageIronCore__281)",1064466.3964479,-528691.601537526,628804.387493134,16,0,0,0,0
Asteroid,"P(Mars-12345d120000-0-1)S((-1, 103, 122))A(StoneCoverageIronCore__99)",1064710.46760809,-528316.045624018,628833.846983433,16,0,0,0,0
Asteroid,"P(Mars-12345d120000-0-1)S((-1, 103, 122))A(StoneCoverageIronCore__680)",1064693.36048841,-528062.184047461,628614.894996643,16,0,0,0,0
Asteroid,"P(Mars-12345d120000-0-1)S((0, 99, 123))A(StoneCoverageIronCore__783)",1064511.49277553,-530101.852702856,630037.540264845,16,0,0,0,0
Asteroid,"P(Mars-12345d120000-0-1)S((0, 100, 123))A(StoneCoverageIronCore__173)",1064402.48730016,-529927.578861713,629739.446849585,16,0,0,0,0
Asteroid,"P(Mars-12345d120000-0-1)S((0, 100, 123))A(StoneCoverageIronCore__619)",1064667.32464337,-529611.925435185,629728.044225931,16,0,0,0,0
Asteroid,"P(Mars-12345d120000-0-1)S((1, 99, 123))A(StoneCoverageIronCore__461)",1064603.57376075,-530201.460361719,630207.671599269,16,0,0,0,0
Asteroid,"P(Mars-12345d120000-0-1)S((1, 99, 123))A(StoneCoverageIronCore__852)",1064690.08440375,-530039.329765081,630139.163309574,16,0,0,0,0
Asteroid,"P(Mars-12345d120000-0-1)S((1, 100, 123))A(StoneCoverageIronCore__216)",1064920.16955233,-529840.945278883,630207.934150815,16,0,0,0,0
Asteroid,"P(Mars-12345d120000-0-1)S((1, 100, 123))A(StoneCoverageIronCore__347)",1064940.33349609,-529547.653858423,629926.963766795,16,0,0,0,0
Asteroid,"P(Mars-12345d120000-0-1)S((1, 100, 123))A(StoneCoverageIronCore__912)",1064843.35142565,-529534.600747824,629830.384342551,16,0,0,0,0
Asteroid,"P(Mars-12345d120000-0-1)S((123, 30, 25))A(StoneCoverageIronCore__38)",1153346.30446801,-580354.734594822,560932.984402895,16,0,0,0,0
Asteroid,"P(Mars-12345d120000-0-1)S((123, 30, 25))A(StoneCoverageIronCore__441)",1153478.13419771,-580175.923306942,561004.767911196,16,0,0,0,0
Asteroid,"P(Mars-12345d120000-0-1)S((123, 30, 26))A(StoneCoverageIronCore__892)",1153771.12199354,-580468.653000593,561834.51753211,16,0,0,0,0
Asteroid,"P(Mars-12345d120000-0-1)S((123, 31, 26))A(StoneCoverageIronCore__95)",1153803.07855761,-579840.98296082,561333.258768082,16,0,0,0,0
Asteroid,"P(Mars-12345d120000-0-1)S((123, 31, 27))A(StoneCoverageIronCore__136)",1154238.71638393,-579648.963497162,561976.950521231,16,0,0,0,0
Asteroid,"P(Mars-12345d120000-0-1)S((123, 29, 24))A(StoneCoverageIronCore__140)",1153112.50721955,-580325.017423391,560566.149321437,16,0,0,0,0
Asteroid,"P(Mars-12345d120000-0-1)S((-1, 101, 121))A(StoneCoverageIronCore__791)",1064013.62857747,-529388.530819654,628946.098896682,16,0,0,0,0
Asteroid,"Asteroid_57_-17_37_1_933540697",887302.248586419,-246387.625352201,582448.789200686,512,0,0,0,0
Asteroid,"Asteroid_0_-1_0_8_478351740",-611.022026062583,-1651.98796251365,3496.83762594336,64,0,0,0,0
Asteroid,"Asteroid_70_-33_39_4_329035145",1081689.54198567,-499283.629904072,607210.584697712,512,0,0,0,0
Asteroid,"Asteroid_58_-17_37_5_1242956850",892575.837336936,-247515.299445667,579179.723522798,64,0,0,0,0
Asteroid,"P(Mars-12345d120000-0-1)S((123, 29, 23))A(StoneCoverageIronCore__647)",1152546.5527401,-580715.722273827,559889.655844092,16,0,0,0,0
Asteroid,"P(Mars-12345d120000-0-1)S((123, 28, 23))A(StoneCoverageIronCore__681)",1152238.81654578,-581144.9381423,559811.933286667,16,0,0,0,0
Asteroid,"P(Mars-12345d120000-0-1)S((123, 29, 24))A(StoneCoverageIronCore__235)-0",1152912.43304121,-580734.526484966,560533.660654068,16,0,0,0,0
Asteroid,"P(Mars-12345d120000-0-1)S((123, 29, 25))A(StoneCoverageIronCore__131)",1153377.68586874,-580692.331177354,561295.876295805,16,0,0,0,0
Asteroid,"P(Mars-12345d120000-0-1)S((123, 28, 25))A(StoneCoverageIronCore__650)",1153107.9101491,-581418.357469656,561478.121987224,16,0,0,0,0
Asteroid,"P(Mars-12345d120000-0-1)S((123, 29, 25))A(StoneCoverageIronCore__438)",1153199.89298284,-580841.922436953,561115.49998641,16,0,0,0,0
Asteroid,"Asteroid_-8_-4_-5_10_536498632",-108464.389065708,-58030.0607293493,-70570.8007459274,256,0,0,0,0
Asteroid,"Asteroid_58_-17_37_1_593240350",892224.073878437,-248171.533057385,578889.329207574,256,0,0,0,0
Asteroid,"P(Mars-12345d120000-0-1)S((123, 27, 25))A(StoneCoverageIronCore__161)",1152742.21954715,-581930.536464214,561375.162530661,16,0,0,0,0
Asteroid,"P(Mars-12345d120000-0-1)S((-1, 102, 122))A(StoneCoverageIronCore__280)-0",1064493.08620381,-528675.648616076,628814.446955562,16,0,0,0,0
Asteroid,"P(Mars-12345d120000-0-1)S((-1, 102, 121))A(StoneCoverageIronCore__937)-1",1064415.79840016,-528690.345195055,628756.545057058,16,0,0,0,0
Asteroid,"Asteroid_58_-17_37_2_1955019305",892870.621302897,-248629.342864473,579140.170977358,64,0,0,0,0
Asteroid,"P(Mars-12345d120000-0-1)S((123, 27, 26))A(StoneCoverageIronCore__128)-1",1152956.76791647,-582355.169028044,562209.480643749,16,0,0,0,0
Asteroid,"P(Mars-12345d120000-0-1)S((-1, 103, 122))A(StoneCoverageIronCore__889)-2",1064768.11096954,-528483.083612084,629010.953055382,16,0,0,0,0
Asteroid,"P(Mars-12345d120000-0-1)S((123, 26, 27))A(StoneCoverageIronCore__6)-0",1153125.14526761,-582778.763859034,562962.341278315,16,0,0,0,0
Asteroid,"Asteroid_58_-17_37_3_757567566",891788.320316958,-247779.802742619,578331.375897497,64,0,0,0,0
Asteroid,"Asteroid_70_-33_39_6_1018840867",1076164.80842778,-501208.584076625,611926.090526856,512,0,0,0,0
Asteroid,"Asteroid_58_-17_37_0_943839273",899248.813340745,-252150.233111496,574020.046537669,512,0,0,0,0
Asteroid,"Asteroid_-1_0_-2_7_1070592873",-428.689159594563,13236.8333310729,-25533.6343230908,512,0,0,0,0
Asteroid,"Asteroid_56_-16_37_1_1030246598",874613.523465208,-238439.592615057,577622.711811106,256,0,0,0,0
Asteroid,"Asteroid_0_-1_0_7_288019686",-681.827503863621,-1473.4414683747,4578.97768043544,64,0,0,0,0
Asteroid,"Asteroid_-1_0_-1_8_1933726112",-1932.84018988178,959.369780507344,-3247.77115162614,256,0,0,0,0
Asteroid,"Asteroid_-1_0_1_9_1196432451",-5452.89642683575,4475.41417663913,15841.5750968298,256,0,0,0,0
Asteroid,"Asteroid_0_0_-2_1_209089192",2391.92558256743,8980.00639951998,-23051.042822128,512,0,0,0,0
Asteroid,"Asteroid_-1_1_1_15_137242094",-3247.8063250437,20013.2147124022,21723.2439442672,512,0,0,0,0
Asteroid,"Asteroid_0_1_-2_4_45019436",8809.1070316325,26621.5963811833,-21105.8034360969,512,0,0,0,0
Asteroid,"Asteroid_0_1_-1_10_1391447689",2910.17616788655,17739.3035790063,-15119.9009336323,512,0,0,0,0
Asteroid,"P(Mars-12345d120000-0-1)S((0, 103, 123))A(StoneCoverageIronCore__883)-0",1064888.67040247,-528346.801263571,629019.901452541,16,0,0,0,0
Asteroid,"Asteroid_0_1_-1_12_280218295",8020.47010366059,20024.3735845335,-14055.0606182728,512,0,0,0,0
Asteroid,"Asteroid_57_-16_38_11_377696897",879951.839505349,-233724.503525375,586978.406425102,512,0,0,0,0
Asteroid,"Asteroid_57_-16_37_4_1508763208",879336.089362755,-242968.954691963,580533.658329239,64,0,0,0,0
Asteroid,"Asteroid_-7_-4_-7_1_1485849680",-104965.544967894,-57399.028846768,-104463.652923592,512,0,0,0,0
Asteroid,"Asteroid_72_-48_6_4_233529822",1113905.5930952,-729342.211043479,107109.257948684,256,0,0,0,0
Asteroid,"Asteroid_72_-48_6_7_165992449",1111923.69104045,-734169.614787561,101797.277456001,512,0,0,0,0
Asteroid,"Asteroid_57_-16_37_0_2062032242",878920.633528859,-239502.841120193,574480.529476173,512,0,0,0,0
Asteroid,"Asteroid_22_-10_6_6_2043286075",350248.045984763,-145354.463646389,107214.039998864,512,0,0,0,0
Asteroid,"Asteroid_-1_1_1_4_1251751631",-2326.01026071306,22405.185913504,19793.9457518228,256,0,0,0,0
Asteroid,"Asteroid_1703_-1124_2849_5_2111259233",26167457.6794019,-17259703.2965565,43767332.7616047,64,0,0,0,0
Asteroid,"Asteroid_57_-16_37_5_123077005",878190.097448162,-232897.126076432,575018.872298973,512,0,0,0,0
Asteroid,"Asteroid_-7_-4_-7_13_1320956732",-103709.436068668,-46839.3723720288,-104922.643089042,512,0,0,0,0
Asteroid,"Asteroid_-135_62_-156_6_1945820312",-2068555.92175604,967372.004818122,-2394366.4894657,64,0,0,0,0
Asteroid,"Asteroid_-3_-5_-2_5_1865490082",-44016.2181858959,-66465.5135483304,-28351.5591815426,256,0,0,0,0
Asteroid,"Asteroid_54_68_50_9_707723168",831356.948676045,1052733.94166281,776011.605276976,512,0,0,0,0
Asteroid,"Asteroid_-201_-225_-183_6_349764490",-3083774.21494174,-3450309.65124438,-2808991.27959259,512,0,0,0,0
Asteroid,"Asteroid_-417_-462_-381_0_956736220",-6403579.02985835,-7094880.88488607,-5851086.33670709,512,0,0,0,0
Asteroid,"P(Mars-12345d120000-0-1)S((1, 103, 123))A(StoneCoverageIronCore__319)-0",1065444.94998646,-528011.321581364,629348.054021806,16,0,0,0,0
Asteroid,"P(Europa-12345d120000)S((-1, 8, 87))A(SnowCoverageIronCore__539)-1",-159169.30466938,-160196.120173216,-33475.4999289513,16,0,0,0,0
Asteroid,"P(Europa-12345d120000)S((-1, 7, 89))A(SnowCoverageIronCore__688)-1",-158463.973122597,-160439.816693783,-32849.1870672703,16,0,0,0,0
Asteroid,"P(Europa-12345d120000)S((-1, 7, 89))A(SnowCoverageIronCore__977)-0",-158375.35713768,-160326.604717374,-32416.6823418736,16,0,0,0,0
Asteroid,"Asteroid_2_-2_-3_6_1726348801",43713.0904177104,-23722.5660472727,-34403.425763892,256,0,0,0,0
Asteroid,"Asteroid_57_-16_37_1_1977637617",883349.447074241,-239381.19846667,581388.849251156,128,0,0,0,0
Asteroid,"Asteroid_2_-2_-3_20_995735760",43835.0031117445,-18635.902299979,-42364.3220536126,512,0,0,0,0
Asteroid,"P(Europa-12345d120000)S((-1, 6, 89))A(SnowCoverageIronCore__715)-0",-158224.377520561,-160576.07573843,-32546.1909036636,16,0,0,0,0
Asteroid,"P(Europa-12345d120000)S((-1, 6, 89))A(SnowCoverageIronCore__968)-1",-158248.675488591,-160782.488607883,-32916.7284631729,16,0,0,0,0
Asteroid,"Asteroid_1_-1_-3_7_419453303",23172.2298257964,-15008.5480564391,-40864.2392720747,512,0,0,0,0
Asteroid,"Asteroid_2_-1_-3_14_786666976",31527.7469409873,-14632.1700345481,-37190.8673898342,512,0,0,0,0
Asteroid,"Asteroid_2_-1_-3_0_100088534",42317.4344073892,-11683.3006932306,-35931.3450713585,512,0,0,0,0
Asteroid,"Asteroid_2_-2_-3_16_826728370",45011.7412905471,-16074.5859545237,-36310.7313501673,512,0,0,0,0
Asteroid,"Asteroid_2_-2_-3_17_69908053",45038.9940898045,-16143.3727631365,-37558.2153051897,64,0,0,0,0
Asteroid,"Asteroid_3_0_-2_1_1954778897",59640.6143070409,5363.18278896049,-25093.8450734645,256,0,0,0,0
Asteroid,"Asteroid_3_0_-1_6_1855587108",58597.9271769453,11891.3255952485,-14321.532146374,64,0,0,0,0
Asteroid,"Asteroid_3_0_-2_6_345295782",53665.5753783869,5006.96312035012,-25971.5543345958,64,0,0,0,0
Asteroid,"Asteroid_3_0_-2_5_2088220121",54517.0645195165,5396.65243733728,-25453.0107750224,256,0,0,0,0
Asteroid,"Asteroid_3_-1_-3_4_1783847272",58847.5493094754,-5585.94345543647,-34534.0752037659,256,0,0,0,0
Asteroid,"Asteroid_-40_-30_2_4_1335393400",-608679.179661951,-450222.036897502,35838.8953385332,512,0,0,0,0
Asteroid,"Asteroid_0_-1_0_10_165883755",1477.98166338444,-2953.27371222824,4385.11782840975,64,0,0,0,0
Asteroid,"Asteroid_-6_-10_-4_0_323409418",-86701.8279732099,-141160.741117884,-56894.2756865317,512,0,0,0,0
Asteroid,"Asteroid_0_-1_0_4_1465364306",4463.897055024,-8197.91320454813,5766.1180634411,64,0,0,0,0
Asteroid,"Asteroid_0_-1_0_5_1504647592",10061.5188469025,-9569.58110873778,6726.69459989816,256,0,0,0,0
Asteroid,"Asteroid_0_-1_0_3_1318194073",3476.97438243258,-8923.81230515819,3206.66617906961,64,0,0,0,0
Asteroid,"Asteroid_0_0_0_0_456969471",8622.83832569948,5547.77720280517,7409.23050319437,512,0,0,0,0
Asteroid,"Asteroid_539_149_96_4_180283928",8281376.84281267,2297804.63850591,1479818.5764013,512,0,0,0,0
Asteroid,"Asteroid_0_-1_-1_14_1216220741",6328.01183653778,-9715.6991831945,-3951.49942424595,64,0,0,0,0
Asteroid,"Asteroid_15_-4_4_0_94336516",234831.957214986,-56658.1039210943,73888.0938425807,512,0,0,0,0
Asteroid,"Asteroid_57_-16_37_6_1643270943",878061.938733331,-230970.774923593,568897.230941561,512,0,0,0,0
Asteroid,"Asteroid_-2_-3_-2_1_146982443",-28432.246673474,-43282.0343352656,-15775.6002299353,512,0,0,0,0
Asteroid,"Asteroid_0_-1_-1_13_1713591338",8885.61822050828,-9385.06258626332,-5111.68380547779,64,0,0,0,0
Asteroid,"Asteroid_2_0_-1_1_1327271116",33593.8182496085,4345.43079006063,-11247.8596849383,256,0,0,0,0
Asteroid,"Asteroid_-86_1_-65_5_344614703",-1315941.21830611,18032.3619392411,-990455.980861304,512,0,0,0,0
Asteroid,"Asteroid_-11_-58_-224_0_1660801462",-158152.012330269,-884854.855483114,-3440164.4384258,128,0,0,0,0
Asteroid,"Asteroid_160_-152_22_2_119945767",2463109.92205542,-2322998.49207237,341667.637104826,512,0,0,0,0
Asteroid,"Asteroid_-2_-3_-1_5_1708402898",-30046.2711030714,-42995.2437739315,-11114.0929831791,512,0,0,0,0
Asteroid,"Asteroid_-2_-2_-1_4_1114461455",-19505.599182155,-30599.7809738555,-11801.2167112975,512,0,0,0,0
Asteroid,"Asteroid_-2_-3_0_0_305123789",-20214.1332210273,-41745.416762718,3504.66726990797,256,0,0,0,0
Asteroid,"Asteroid_-2_-3_-2_2_1730107121",-28208.6063630203,-44927.5572692324,-16373.8256334698,64,0,0,0,0
Asteroid,"Asteroid_-2_-3_0_12_996630902",-25427.7047595206,-40684.4283856079,1608.28124263966,512,0,0,0,0
Asteroid,"Asteroid_-2_-3_-2_3_1545396595",-26972.8433742067,-43262.5696106179,-16745.9317013403,64,0,0,0,0
Asteroid,"Asteroid_-2_-3_-2_0_180072366",-23799.9476171725,-41449.7124955553,-19826.6448056056,512,0,0,0,0
Asteroid,"Asteroid_-2_-3_-1_1_1309265288",-29776.0996089371,-41542.5687349202,-11237.4976777909,256,0,0,0,0
Asteroid,"Asteroid_-11_-58_-225_9_116060198",-162841.595228686,-876827.448203221,-3442971.4319035,512,0,0,0,0
Asteroid,"Asteroid_15_-4_5_0_1050226304",242331.833397698,-48360.7663541926,84735.710238814,512,0,0,0,0
Asteroid,"Asteroid_-2_-3_0_13_1926389033",-22010.8761432149,-39972.7622275554,1139.96518092484,512,0,0,0,0
Asteroid,"Asteroid_-2_-3_0_1_438352900",-22875.4424316119,-35676.8981970997,2606.10717942454,512,0,0,0,0
Asteroid,"Asteroid_-12_-58_-225_5_1963882814",-170866.10843652,-878979.647925559,-3442075.70375367,512,0,0,0,0
Asteroid,"Asteroid_-2_-4_-5_5_1312280083",-19626.971765124,-56728.2314145112,-69272.9947045578,512,0,0,0,0
Asteroid,"Asteroid_-1_-4_-5_2_597833786",-11651.7582628165,-55210.7681545831,-72241.8359515901,256,0,0,0,0
Asteroid,"Asteroid_-2_-4_-5_8_1067849707",-17153.2045244,-60328.439136466,-72422.0895541816,256,0,0,0,0
Asteroid,"Asteroid_-13_-57_-223_3_2127991690",-193002.685959571,-874993.602415318,-3422754.13839604,512,0,0,0,0
Asteroid,"Asteroid_-2_-4_-5_1_100185210",-20058.4187396024,-46862.1581024014,-71283.8845437115,512,0,0,0,0
Asteroid,"Asteroid_-2_-4_-5_4_1327807688",-24793.4102622093,-60525.3560290862,-70504.5169338491,512,0,0,0,0
Asteroid,"Asteroid_-1_-4_-5_7_1057055372",-4170.6079702755,-54487.6197629995,-71196.442953363,256,0,0,0,0
Asteroid,"Asteroid_-1_-4_-5_10_111617572",-4677.77952746129,-53895.225019758,-76118.0877691939,256,0,0,0,0
Asteroid,"Asteroid_15_-4_4_4_457780765",234471.064620006,-56845.9452068901,75215.1385500187,128,0,0,0,0
Asteroid,"Asteroid_-2_-5_-5_0_830176685",-30309.189449122,-62253.6691345219,-65633.8840613837,256,0,0,0,0
Asteroid,"Asteroid_15_-4_4_6_94873655",241423.506128208,-62220.593503195,72896.8773541701,64,0,0,0,0
Asteroid,"Asteroid_39_20_-184_10_1447546137",608601.577632588,309417.707857211,-2822337.92356167,512,0,0,0,0
Asteroid,"Asteroid_16_-5_5_7_500822802",246162.030593579,-69500.35206884,78868.4518861836,512,0,0,0,0
Asteroid,"Asteroid_-12_-59_-225_3_1074274696",-173421.097220591,-893109.014365759,-3453631.43244538,512,0,0,0,0
Asteroid,"Asteroid_2_-1_-3_12_1998119424",37844.6232771641,-14579.2255216808,-39121.7081886331,256,0,0,0,0
Asteroid,"Asteroid_-11_-58_-225_1_142891515",-167151.642125243,-887538.64022767,-3447622.48145619,512,0,0,0,0
Asteroid,"Asteroid_-11_-58_-226_9_1571529186",-162271.164229618,-890027.230182254,-3458656.19640617,512,0,0,0,0
Asteroid,"Asteroid_-13_-58_-223_18_1584392650",-186807.609687582,-879061.845923126,-3424504.40215662,64,0,0,0,0
Asteroid,"Asteroid_-11_-58_-226_10_1359588089",-164404.879173068,-882039.146199401,-3457378.57825201,256,0,0,0,0
Asteroid,"Asteroid_-11_-58_-226_7_83510300",-168123.658689587,-883009.319718511,-3457594.99930599,128,0,0,0,0
Asteroid,"Asteroid_-12_-57_-223_6_325754435",-183859.532469061,-874162.470136964,-3414140.86742455,512,0,0,0,0
Asteroid,"Asteroid_-13_-58_-223_19_1885289385",-188994.590648663,-877274.807908814,-3424097.44209774,64,0,0,0,0
Asteroid,"Asteroid_-13_-58_-223_12_1657517362",-191775.031604778,-877887.783934918,-3423194.77900847,64,0,0,0,0
Asteroid,"Asteroid_-45_23_-125_8_1235184191",-681414.827016568,364699.703129839,-1915536.88764698,128,0,0,0,0
Asteroid,"Asteroid_-13_-57_-223_6_1017231023",-193952.710171248,-876390.004664813,-3421858.4939122,64,0,0,0,0
Asteroid,"Asteroid_-45_23_-125_0_1378716060",-681419.372393822,366651.269080189,-1912863.60904075,512,0,0,0,0
Asteroid,"Asteroid_-13_-58_-223_2_80376422",-185482.129527636,-876128.564862536,-3413512.00718284,256,0,0,0,0
Asteroid,"Asteroid_69_-30_37_4_959748467",1066695.23857293,-451745.703055459,576485.736243711,512,0,0,0,0
Asteroid,"Asteroid_-2_-4_-5_6_1973661055",-30178.2341129671,-55802.0653908227,-70499.3153766886,256,0,0,0,0
Asteroid,"Asteroid_-46_24_-126_7_600185520",-704082.887912551,373134.385841554,-1932802.05035425,512,0,0,0,0
Asteroid,"Asteroid_-35_8_-32_0_1968411694",-522297.46829894,123552.788244084,-480288.733529106,512,0,0,0,0
Asteroid,"P(Europa-12345d120000)S((112, 117, 88))A(SnowCoverageIronCore__890)-0",-77604.9605433941,-81423.2106714249,-33829.5552260876,16,0,0,0,0
Asteroid,"Asteroid_-45_23_-125_1_1355983516",-683015.591922287,365968.196613497,-1904755.33580261,128,0,0,0,0
Asteroid,"Asteroid_-47_23_-126_8_727838092",-709516.233799862,365135.579917994,-1931449.80893214,64,0,0,0,0
Asteroid,"Asteroid_66_-40_33_1_172939289",1018169.50608983,-614389.886013029,510648.895084705,256,0,0,0,0
Asteroid,"Asteroid_179_11_13_17_1020364587",2762080.35974757,172274.705981844,207568.882665967,512,0,0,0,0
Asteroid,"Asteroid_-67_195_145_5_1769239976",-1026889.26391117,2997180.72123953,2234259.52667374,256,0,0,0,0
Asteroid,"Asteroid_-1_0_-1_5_2053743212",-7422.07002937727,2085.43062116435,-7381.92112694374,256,0,0,0,0
Asteroid,"P(Mars-12345d120000-0-1)S((123, 74, 100))A(StoneCoverageIronCore__832)-1",1156057.95417643,-544265.613858581,623428.845076084,16,0,0,0,0
Asteroid,"P(Mars-12345d120000-0-1)S((123, 74, 100))A(StoneCoverageIronCore__491)-0",1156035.37187982,-544269.007587194,623461.239094257,16,0,0,0,0
Asteroid,"Asteroid_72_-48_6_0_570079263",1114906.75097932,-733101.473720036,103011.988497542,512,0,0,0,0
Asteroid,"Asteroid_-101_125_-64_13_814697289",-1536524.34536195,1927113.22363279,-971963.332546324,512,0,0,0,0
Asteroid,"P(Mars-12345d120000-0-1)S((123, 74, 99))A(StoneCoverageIronCore__1007)",1156462.64116633,-543693.580714405,622407.313526392,16,0,0,0,0
Asteroid,"P(Mars-12345d120000-0-1)S((0, 107, 123))A(StoneCoverageIronCore__532)",1065965.62244606,-526169.171906233,628432.067138851,16,0,0,0,0
Asteroid,"P(Mars-12345d120000-0-1)S((1, 107, 123))A(StoneCoverageIronCore__318)",1066051.40914679,-526155.864688635,628530.690594196,16,0,0,0,0
Asteroid,"P(Mars-12345d120000-0-1)S((1, 108, 123))A(StoneCoverageIronCore__278)",1066472.34527075,-525661.632378101,628532.604722261,16,0,0,0,0
Asteroid,"P(Mars-12345d120000-0-1)S((1, 109, 123))A(StoneCoverageIronCore__840)",1066622.068452,-525307.836134434,628430.028793573,16,0,0,0,0
Asteroid,"P(Mars-12345d120000-0-1)S((-1, 108, 122))A(StoneCoverageIronCore__389)",1065676.06804037,-525715.463471651,627848.859472156,16,0,0,0,0
Asteroid,"P(Mars-12345d120000-0-1)S((123, 73, 101))A(StoneCoverageIronCore__839)",1155843.66828299,-545006.262423158,623964.138984919,16,0,0,0,0
Asteroid,"P(Mars-12345d120000-0-1)S((123, 73, 101))A(StoneCoverageIronCore__328)",1155772.09526038,-544939.174730897,624080.330039188,16,0,0,0,0
Asteroid,"P(Mars-12345d120000-0-1)S((123, 77, 102))A(StoneCoverageIronCore__222)",1154928.84094024,-542031.783860803,623886.449726164,16,0,0,0,0
Asteroid,"P(Mars-12345d120000-0-1)S((123, 71, 94))A(StoneCoverageIronCore__214)",1158665.25005358,-546396.1090886,619567.022362113,16,0,0,0,0
Asteroid,"P(Mars-12345d120000-0-1)S((123, 75, 102))A(StoneCoverageIronCore__390)",1154942.1150353,-543010.376945138,624399.799497724,16,0,0,0,0
Asteroid,"P(Mars-12345d120000-0-1)S((123, 71, 93))A(StoneCoverageIronCore__961)",1159100.05633375,-546110.764888763,618617.637300968,16,0,0,0,0
Asteroid,"Asteroid_-100_124_-64_2_1530689778",-1535587.44487171,1919949.36620853,-970598.013039517,128,0,0,0,0
Asteroid,"P(Mars-12345d120000-0-1)S((123, 77, 102))A(StoneCoverageIronCore__402)",1154591.6584909,-542096.19423151,624346.664882898,16,0,0,0,0
Asteroid,"P(Mars-12345d120000-0-1)S((123, 76, 102))A(StoneCoverageIronCore__698)",1154889.62185097,-542353.181763887,624088.1680336,16,0,0,0,0
Asteroid,"P(Mars-12345d120000-0-1)S((123, 76, 101))A(StoneCoverageIronCore__209)-0",1155198.46209884,-542811.480695128,623882.877591133,16,0,0,0,0
Asteroid,"Asteroid_-100_124_-64_3_1162682979",-1535280.182305,1917511.56649807,-973441.463462653,512,0,0,0,0
Asteroid,"Asteroid_-322_527_180_0_351039914",-4944391.08409477,8109262.09289655,2772333.578314,256,0,0,0,0
Asteroid,"Asteroid_-186_327_171_12_430873114",-2852449.88347034,5030092.77418289,2630817.39492948,512,0,0,0,0
Asteroid,"Asteroid_-322_528_180_1_1170803910",-4943844.41003322,8111878.1909579,2778695.06463269,512,0,0,0,0
Asteroid,"P(Mars-12345d120000-0-1)S((123, 73, 101))A(StoneCoverageIronCore__204)-3",1155912.21260858,-544422.523851752,623713.150446415,16,0,0,0,0
Asteroid,"P(Mars-12345d120000-0-1)S((123, 76, 101))A(StoneCoverageIronCore__774)-1",1155194.90314507,-542692.667435408,623828.009829044,16,0,0,0,0
Asteroid,"P(Mars-12345d120000-0-1)S((123, 75, 101))A(StoneCoverageIronCore__849)-0",1155584.22608113,-543213.4276793,623544.692391634,16,0,0,0,0
Asteroid,"Asteroid_-965_1705_889_3_1890994116",-14819157.133047,26190068.5461112,13666019.982642,512,0,0,0,0
Asteroid,"Asteroid_-186_327_171_0_1907576688",-2853730.23723881,5038046.87767313,2634643.82361598,512,0,0,0,0
Asteroid,"Asteroid_-543_932_423_6_425763755",-8340200.81068694,14321977.0233027,6506528.16085388,512,0,0,0,0
Asteroid,"Asteroid_-84_244_181_5_1580907780",-1288659.44268487,3761663.70832991,2788140.90807857,512,0,0,0,0
Asteroid,"Asteroid_-821_1435_728_7_349561919",-12607398.7366314,22042276.6461862,11191484.387899,512,0,0,0,0
Asteroid,"Asteroid_-821_1435_728_0_1578854816",-12602973.3978541,22045672.8898239,11194981.6705935,512,0,0,0,0
Asteroid,"Asteroid_-544_932_423_6_937939890",-8353221.13965342,14329534.1230758,6504116.6072739,512,0,0,0,0
Asteroid,"Asteroid_75_-36_40_6_475560013",1159318.76163871,-546278.643930663,619887.131422689,512,0,0,0,0
Asteroid,"Asteroid_-59_103_54_0_793634871",-897589.451868798,1588035.76815501,835307.506574025,512,0,0,0,0
Asteroid,"Asteroid_-187_329_172_4_1700931951",-2861615.52643958,5055299.74315192,2648506.74474295,64,0,0,0,0
Asteroid,"Asteroid_-85_245_181_7_1427264797",-1301370.72855133,3766966.88238367,2792440.11567783,512,0,0,0,0
Asteroid,"Asteroid_-966_1704_889_0_436543696",-14824830.7327816,26188356.145612,13664370.4553009,128,0,0,0,0
Asteroid,"Asteroid_-128_223_117_4_1674022728",-1959702.90537013,3437996.86471864,1798583.02260562,512,0,0,0,0
Asteroid,"P(Mars-12345d120000-0-1)S((123, 77, 101))A(StoneCoverageIronCore__6)-2",1155251.92563415,-542009.424321413,623478.57347846,16,0,0,0,0
Asteroid,"Asteroid_0_-1_-1_6_1736190115",7149.17366932783,-2724.01826842619,-7596.46399518101,128,0,0,0,0
Asteroid,"Asteroid_-11_-59_-224_2_851603730",-157924.614066231,-891630.933730475,-3439331.59880482,512,0,0,0,0
Asteroid,"Asteroid_0_-1_-1_3_1967812202",3261.30917244405,-4392.92937811903,-9290.32148826173,64,0,0,0,0
Asteroid,"Asteroid_0_-1_-3_0_1325282569",10405.6997834007,-10758.9498684441,-34256.0465681332,512,0,0,0,0
Asteroid,"Asteroid_-11_-58_-225_8_747414031",-160268.172993904,-880602.097069247,-3445067.3060948,256,0,0,0,0
Asteroid,"Asteroid_0_-1_-1_7_1580121475",13752.7197501325,-8663.68776438767,-7547.14541405516,512,0,0,0,0
Asteroid,"Asteroid_0_-1_-2_10_1415497705",10972.4841898484,-9294.92886356517,-16609.8565021643,512,0,0,0,0
Asteroid,"Asteroid_-12_-58_-225_2_2097013980",-176040.668539486,-887207.660932263,-3442191.76601911,512,0,0,0,0
Asteroid,"Asteroid_0_0_0_15_1920615352",2953.68072694968,12849.2273977002,5303.33337458262,512,0,0,0,0
Asteroid,"Asteroid_-961_1701_895_3_1257811186",-14746954.0588018,26132249.268957,13759458.6538429,512,0,0,0,0
Asteroid,"Asteroid_-1_1_1_20_2050563630",-72.2205458053953,24440.2747496896,16272.3202366279,512,0,0,0,0
Asteroid,"Asteroid_0_-1_-1_0_1894275303",15120.121937163,-14278.3262977348,-12652.4392658979,512,0,0,0,0
Asteroid,"Asteroid_-1_1_1_3_1709566655",-1308.85101570066,25265.8665498115,26839.9667230642,256,0,0,0,0
Asteroid,"Asteroid_1_-1_0_0_1832738774",18188.7658070369,-13870.4607255691,7267.00177101907,512,0,0,0,0
Asteroid,"Asteroid_-8_-3_-7_5_530177529",-108924.595044872,-42900.7982143939,-92904.5051663507,64,0,0,0,0
Asteroid,"Asteroid_-7_-4_-7_4_1425778510",-99425.8934082449,-49554.3502765567,-95002.1877546378,64,0,0,0,0
Asteroid,"P(Europa-12345d120000)S((117, 72, 65))A(SnowCoverageIronCore__698)-0",-56905.0559401512,-108928.616250753,-48047.8269173503,16,0,0,0,0
Asteroid,"Asteroid_-1_0_-1_7_758809707",-15277.5653595543,12893.4496643948,-14852.6334393062,256,0,0,0,0
Asteroid,"Asteroid_-301_518_267_6_985526682",-4618811.36317375,7965727.75025703,4116021.29040553,256,0,0,0,0
Asteroid,"Asteroid_-961_1701_895_8_2105417271",-14750418.3818489,26131830.7064084,13748051.9977602,64,0,0,0,0
Asteroid,"Asteroid_-961_1701_894_8_76439058",-14753104.231353,26132831.3587434,13733509.2755554,256,0,0,0,0
Asteroid,"Asteroid_-22_13_-22_6_1695017912",-329816.027233643,202291.087221883,-328776.046416793,512,0,0,0,0
Asteroid,"Asteroid_-22_13_-22_8_1232623993",-328936.990635436,202025.612242921,-330272.801603953,64,0,0,0,0
Asteroid,"Asteroid_-21_13_-22_6_440889895",-322308.764705216,200646.363133539,-332827.891698331,64,0,0,0,0
Asteroid,"Asteroid_-22_13_-22_13_1259989922",-327482.267674356,201222.111326459,-334935.360045,512,0,0,0,0
Asteroid,"Asteroid_-22_13_-22_14_790671509",-323434.711848669,203854.220769442,-327771.205991314,256,0,0,0,0
Asteroid,"Asteroid_-21_13_-22_5_1832687688",-322286.98999297,201180.017556411,-332985.605205149,128,0,0,0,0
Asteroid,"Asteroid_-21_12_-22_2_828978076",-321320.695800609,197650.723693601,-332569.866901926,64,0,0,0,0
Asteroid,"Asteroid_-961_1701_895_10_392099825",-14756473.225521,26137916.5585496,13749139.5729468,64,0,0,0,0
Asteroid,"Asteroid_-961_1701_894_5_1942049156",-14753527.0181011,26138109.3051321,13744359.285452,128,0,0,0,0
Asteroid,"Asteroid_2_-3_4_0_294085125",37246.2756549706,-31515.2874611746,65270.0388930987,512,0,0,0,0
Asteroid,"P(Europa-12345d120000)S((117, 71, 59))A(SnowCoverageIronCore__291)-0",-56139.7701898217,-110059.668715954,-54114.8526668847,16,0,0,0,0
Asteroid,"Asteroid_1_-3_4_3_1639373869",28794.0044785098,-39102.9893423046,66569.8126015693,512,0,0,0,0
Asteroid,"Asteroid_2_-2_4_11_900403332",38674.7045759019,-27726.1373258017,62324.261276177,128,0,0,0,0
Asteroid,"Asteroid_2_-3_3_0_1933789712",35014.0384150471,-31484.4418572173,51761.8214495412,512,0,0,0,0
Asteroid,"Asteroid_2_-2_3_0_121990251",45706.9009569336,-24849.4981209124,59176.3460749573,512,0,0,0,0
Asteroid,"Asteroid_2_-2_4_0_2017455608",31563.7306346038,-30055.7750951551,63913.3879725527,256,0,0,0,0
Asteroid,"Asteroid_2_-3_3_5_1344648089",33095.5598661024,-31963.8730546084,60709.2069555692,512,0,0,0,0
Asteroid,"Asteroid_57_-16_37_2_1522327072",879265.284953429,-243246.270983005,579875.75532116,256,0,0,0,0
Asteroid,"Asteroid_-7_92_91_14_1265907671",-106475.053888788,1413155.31320192,1405505.98144749,512,0,0,0,0
Asteroid,"Asteroid_-7_92_91_11_1200995338",-106957.175487733,1423732.98985546,1403636.81427132,512,0,0,0,0
Asteroid,"Asteroid_-70_199_147_9_155824200",-1065184.25240503,3056789.79532847,2262174.32111254,64,0,0,0,0
Asteroid,"Asteroid_-69_198_146_1_207689949",-1057315.30108001,3049908.83736154,2255437.53474644,128,0,0,0,0
Asteroid,"Asteroid_57_-15_38_8_347422924",885420.934808573,-222691.989681472,592665.635712515,512,0,0,0,0
Asteroid,"Asteroid_57_-15_38_15_1490310920",884156.682248852,-219746.350777855,596484.818076245,64,0,0,0,0
Asteroid,"Asteroid_-130_66_-137_2_1167327324",-1996463.65230926,1019905.78499985,-2102787.08014608,512,0,0,0,0
Asteroid,"Asteroid_72_-474_7_13_22911387",1109260.87491334,-7268298.36026952,111382.914295563,512,0,0,0,0
Asteroid,"Asteroid_71_-474_7_0_1172528036",1105340.85815069,-7268779.10969039,119781.640805232,512,0,0,0,0
Asteroid,"Asteroid_-39_13_-58_8_14981047",-588038.618012077,211823.044564653,-889897.057214282,128,0,0,0,0
Asteroid,"Asteroid_58_-17_36_1_606309666",896995.383573994,-259669.329656402,554775.574609171,512,0,0,0,0
Asteroid,"Asteroid_-39_13_-58_1_1807730084",-588382.362901493,206568.772268162,-880396.194908029,512,0,0,0,0
Asteroid,"Asteroid_65_-34_20_10_329326678",1010525.71599667,-515320.500102162,313395.959056877,512,0,0,0,0
Asteroid,"Asteroid_72_-48_7_6_1519350807",1113736.28544175,-730688.025647751,113647.077447095,64,0,0,0,0
Asteroid,"Asteroid_72_-48_7_3_318743574",1113672.46169737,-730825.018712376,114516.901683725,256,0,0,0,0
Asteroid,"Asteroid_72_-48_7_2_2081325700",1113808.96769271,-732505.303486511,110243.366973236,512,0,0,0,0
Asteroid,"Asteroid_72_-48_7_5_161703848",1113861.26878047,-731702.583005728,114464.733032293,64,0,0,0,0
Asteroid,"Asteroid_72_-48_7_4_315930334",1114275.81822783,-731468.318650274,114195.742046874,64,0,0,0,0
Asteroid,"Asteroid_71_-48_7_13_324447212",1101657.7111818,-725414.143198077,114203.756669121,64,0,0,0,0
Asteroid,"Asteroid_72_-48_6_5_549639226",1113433.40166409,-728940.817475175,107600.504759979,64,0,0,0,0
Asteroid,"Asteroid_72_-48_6_6_1434777647",1114195.80740575,-729379.474598689,106392.270147942,64,0,0,0,0
Asteroid,"Asteroid_72_-48_6_1_565223960",1116322.68246563,-723530.286720072,101620.949754829,128,0,0,0,0
Asteroid,"Asteroid_72_-48_6_3_1062610418",1108429.88033316,-728914.319901387,101335.695195179,128,0,0,0,0
Asteroid,"Asteroid_-133_73_-126_9_909818533",-2032883.3692466,1121407.0681749,-1924455.78071182,256,0,0,0,0
Asteroid,"Asteroid_-133_73_-126_8_184384029",-2031614.61574602,1125739.60908191,-1928166.18972777,256,0,0,0,0
Asteroid,"Asteroid_-133_73_-126_7_284170783",-2040832.53263569,1123822.06778692,-1929590.89145964,128,0,0,0,0
Asteroid,"Asteroid_-133_73_-126_5_1280184982",-2038589.643406,1122722.34319945,-1931704.00959713,64,0,0,0,0
Asteroid,"Asteroid_-133_73_-126_3_1702280894",-2038947.71141966,1123019.6937674,-1931955.87941202,128,0,0,0,0
Asteroid,"Asteroid_-133_73_-126_4_1664792252",-2038851.86515094,1123475.86816861,-1931973.51740804,64,0,0,0,0
Asteroid,"Asteroid_-133_73_-126_0_386849903",-2037387.66359694,1130339.13838618,-1931609.09123675,128,0,0,0,0
Asteroid,"Asteroid_-133_72_-127_14_22115550",-2028015.65594649,1118114.52856965,-1936195.53686992,512,0,0,0,0
Asteroid,"Asteroid_-133_72_-127_10_1015585752",-2032921.39805235,1119987.79179084,-1936415.614769,512,0,0,0,0
Asteroid,"Asteroid_-133_72_-127_1_684828144",-2030261.13272175,1120034.04360284,-1938148.18690621,256,0,0,0,0
Asteroid,"Asteroid_-133_72_-127_9_335309208",-2036691.65560234,1115188.96120625,-1936404.13411814,64,0,0,0,0
Asteroid,"Asteroid_-132_72_-126_3_1458536381",-2025851.09816094,1119159.39596672,-1933143.35702927,64,0,0,0,0
Asteroid,"Asteroid_-132_72_-126_2_1734611114",-2024287.3963589,1120378.6365109,-1933030.08366381,512,0,0,0,0
Asteroid,"Asteroid_-133_72_-126_9_749307039",-2034824.93848378,1116883.80638681,-1920070.03277162,128,0,0,0,0
Asteroid,"Asteroid_-133_72_-126_7_480780386",-2032892.65836871,1116749.06890277,-1922574.87596298,256,0,0,0,0
Asteroid,"Asteroid_-133_72_-126_6_1459892701",-2032911.3371836,1118092.82794375,-1923259.79612407,128,0,0,0,0
Asteroid,"Asteroid_-133_72_-126_3_978264574",-2042473.22280054,1118871.61905749,-1928982.93783559,512,0,0,0,0
Asteroid,"Asteroid_2_0_-2_0_651348042",44865.9568075232,2249.53903636618,-29045.887458977,256,0,0,0,0
Asteroid,"Asteroid_3_0_-3_9_415561039",60656.24552833,7579.49906129623,-32764.8878192903,128,0,0,0,0
Asteroid,"Asteroid_3_-1_-3_6_1888759132",54604.0898796672,-2244.22247943502,-32524.3946117251,512,0,0,0,0
Asteroid,"Asteroid_3_0_-2_2_1037413112",59387.2811673235,5591.28396952134,-24389.6486266566,64,0,0,0,0
Asteroid,"Asteroid_3_0_-2_7_504039487",58489.4664135543,13207.2686285483,-22217.9397839086,512,0,0,0,0
Asteroid,"Asteroid_3_0_-2_3_323529424",58970.3267924196,5302.47087043915,-25501.6476671313,64,0,0,0,0
Asteroid,"Asteroid_3_0_-2_4_1168638769",52607.6045057145,2546.81965278942,-20832.5583235491,128,0,0,0,0
Asteroid,"Asteroid_3_0_-2_0_826155106",46337.205691934,4193.22180561615,-29545.6488336819,128,0,0,0,0