Ramblers Frontier | Lawless Void | 0.0.0.0:00000 | This is an offline map,,,,,,,,,
Type,Name,X,Y,Z,Size,Speed,VectorX,VectorY,VectorZ
Player,"PhoenixX",11028.8896315796,-30120.8203366179,22327.5920620003,1.8,0,0,0,0
SmallShip,"Corvette Minigun",-13989.5842906599,-82424.8746800264,45272.080214325,1,0,0,0,0
LargeShip,"Eyes",-246707.200222641,375645.019127396,447073.673612249,0.75,0,0,0,0
SmallShip,"Weldron",-13989.11535014,-82373.1199854701,45272.7809583597,2,0,0,0,0
SmallShip,"Runabout",-13988.09581889,-82361.1551417201,45275.6520521097,2.333333,0,0,0,0
LargeShip,"Patrol",-13991.714959515,-82368.2957667201,45285.5309583597,2.166667,0,0,0,0
SmallShip,"Scaridae mk.2_1",11057.566187408,-30102.2549561276,22172.9964501896,3.666667,0,0,0,0
LargeShip,"Mole",278856.080142322,849970.490232158,-434576.455665225,56.25,0,0,0,0
SmallShip,"SE Beer Buddy",-13937.5541929135,-82309.2488917201,45321.2379896097,66.66666,0,0,0,0
SmallShip,"Miner",-13985.52160014,-82391.2840479701,45284.7497083597,68.75,0,0,0,0
LargeShip,"Z",-13955.839959515,-82333.7137354701,45233.7848646097,93.75,0,0,0,0
LargeShip,"Corvette",-13999.4250724157,-82409.5696686646,45247.0476033126,100,0,0,0,0
Station,"Moon Base Beta",11040,-30087.5,22192.5,333.3333,0,0,0,0
Station,"Mako Rock",1263.52768804437,-2028.75992832237,952.872951207409,37.5,0,0,0,0
SmallShip,"Small Grid 6898",-246716.732617798,375637.783278187,447070.789590111,1.083333,0,0,0,0
SmallShip,"Small Grid 7679",37617.5786172889,506899.795079165,-17227.315437145,1.083333,0,0,0,0
SmallShip,"Small Grid 564",37633.9671756766,506883.977238589,-17237.2664232919,1.083333,0,0,0,0
SmallShip,"Sata1Drone",-243245.306196562,396636.691943911,476231.879763218,1.5,0,0,0,0
SmallShip,"Drone2",-238762.142211403,352218.909238957,472737.692066959,1.333333,0,0,0,0
SmallShip,"Small Grid 7388",-246706.567360834,375642.900066849,447073.478223362,0.8333333,0,0,0,0
SmallShip,"Static Grid 4895",37674.2715407491,506929.864788418,-17185.6120157529,18.75,0,0,0,0
LargeShip,"Medical Room",-246733.415107194,375665.712590893,447073.313271036,25,0,0,0,0
LargeShip,"master base 1",24707.5359139705,-34405.5559815182,40711.9759423771,60.41666,0,0,0,0
SmallShip,"Small Grid 9936",-238764.685893226,352184.664616558,472677.441874198,4.083333,0,0,0,0
Station,"Station Hangar Door",276380.882963247,844258.363573643,-442382.793861165,79.16666,0,0,0,0
Station,"Blue Mining INC",-44.0306703139377,66.1078926536625,15.066231116394,239.5833,0,0,0,0
SmallShip,"Small Grid 7975",37624.5829516531,506879.325007801,-17245.7191028882,3.25,0,0,0,0
Station,"Static Grid 2183",278864.549404808,849993.649457264,-434578.091683644,64.58334,0,0,0,0
SmallShip,"Small Grid 1302",24701.1653085018,-34393.0086182369,40659.1868798771,2.916667,0,0,0,0
SmallShip,"Mini Welder Mk2",37640.0232927344,506891.782641821,-17222.6368883321,3.25,0,0,0,0
LargeShip,"RespawnShip",131268.082466578,-175612.070458018,187728.007912184,43.75,0,0,0,0
LargeShip,"RespawnShip",-4504.62014702892,-41352.0089498743,-66851.1618672003,43.75,0,0,0,0
LargeShip,"Large Grid 7508",762.204456133069,-9145.67359866891,-878.743823871846,56.25,0,0,0,0
SmallShip,"Small Grid 1968",-238757.391459632,352161.353093121,472645.319803885,3.583333,0,0,0,0
SmallShip,"Small Grid 4815",279518.330048214,849086.517087868,-431718.980349055,2.916667,0,0,0,0
Station,"Large Grid 1706",24687.0801023082,-34349.6245774305,40666.5209240808,72.91666,0,0,0,0
SmallShip,"Keeper - Construction",278840.436587635,850049.430661845,-434577.194923037,3,0,0,0,0
LargeShip,"Large Grid 7565",18446.9831185604,-23485.0291260494,28304.6805322208,35.41667,0,0,0,0
LargeShip,"Zeus Fighter",285463.409488025,860524.967282939,-435456.15317499,2.833333,0,0,0,0
LargeShip,"Large Grid 2866",18418.3160653377,-23507.9197510494,28298.5894677677,27.08333,0.07092424,0.01609731,0.0571293,-0.03882483
Station,"Screaming Base",18445.3467660213,-23506.7942627682,28317.3626611271,120.8333,0,0,0,0
LargeShip,"Arms Shipment",209717.454558633,699357.71557354,-332152.905001717,91.66667,40.16502,12.08576,33.7204,-18.16859
Station,"Static Grid 2979",20505.9688643681,-29355.4846999489,25405.9617306999,10.41667,0,0,0,0
LargeShip,"Large Grid 1928",732.853813624794,-9152.99804536415,-893.030840773576,56.25,0,0,0,0
LargeShip,"Large Grid 3400",299961.123505245,864597.625974587,-446468.031130305,79.16666,0,0,0,0
SmallShip,"ScreamingShip001",18424.8286385799,-23508.9314697994,28311.7068994083,72.91666,0,0,0,0
SmallShip,"UFP Phantom Planetary",285477.394107166,860541.71777122,-435465.466163272,3.666667,0,0,0,0
LargeShip,"Delta MK VI Rogue Refit",11030.8274178768,-30119.9541748776,22291.8763330021,62.5,0,0,0,0
SmallShip,"Sexy Prospecting Shuttle",19207.1874032284,-20380.5803955807,34611.466909174,5.833333,0,0,0,0
Station,"Pirate Mines",19209.5358027074,-20379.5572841311,34584.1913841082,160.4167,0,0,0,0
SmallShip,"Sexy Prospecting Shuttle",11050.0461678768,-30066.0479248776,22213.9505517521,5.833333,0,0,0,0
SmallShip,"(OGM) Miner",20550.2036385799,-29350.3390625729,25400.6312158146,3,0,0,0,0
LargeShip,"Large Grid 8148",777782.173102767,777729.374410536,777791.051724625,10.41667,0,0,0,0
SmallShip,"Small Grid 1133",18296.3106332088,-22319.8167237057,27504.0223290958,3.25,0,0,0,0
Station,"Static Grid 9064",20505.9688643681,-29355.4846999489,25405.9617306999,6.25,0,0,0,0
SmallShip,"Small Grid 1376",20267.8269295955,-28638.725048901,25500.3860986271,0.6666667,0,0,0,0
SmallShip,"Small Grid 3472",-22978.8057024414,-8948.41566443805,-1335.73708129477,0.6666667,0,0,0,0
Station,"Static Grid 3679",20505.9688643681,-29355.4846999489,25405.9617306999,6.25,0,0,0,0
SmallShip,"Small Grid 5309",777762.324255011,777729.409631043,777778.031162267,1.833333,0,0,0,0
SmallShip,"Sata1",-243298.035463536,396496.72592872,476287.899621672,181.25,0,0,0,0
Station,"Static Grid 2110",20505.9688643681,-29355.4846999489,25405.9617306999,8.333333,0,0,0,0
LargeShip,"Large Grid 7556",20559.7812752987,-29369.8927735104,25398.2669580021,27.08333,6.063531,-4.670425,-0.5471814,-3.828071
Station,"Static Grid 2148",20505.9688643681,-29355.4846999489,25405.9617306999,12.5,0,0,0,0
Station,"ISS Eden",777786.617458336,777753.363089106,777810.483529858,239.5833,0,0,0,0
LargeShip,"Tempest",-13760.734490765,-82247.2527979701,44315.7499525004,158.3333,0,0,0,0
LargeShip,"Large Grid 1607",20550.5937752987,-29303.5089844479,25395.3851220646,35.41667,0.0109179,0.009960819,-0.001247786,-0.004292505
SmallShip,"Small Grid 9795",20513.6948495174,-29325.0183838619,25418.2000634708,0.4166667,0,0,0,0
SmallShip,"(OGM) DWorker",20539.2019295955,-29327.1796387448,25402.4266259708,2.5,0,0,0,0
LargeShip,"Large Grid 7858",20566.669703033,-29354.6823242916,25393.0482080021,18.75,0.04854323,0.01586142,-0.009975145,0.04478122
SmallShip,"Small Grid 2685",777779.043784291,777739.353365388,777786.636811329,3,0,0,0,0
SmallShip,"Static Grid 5383",-246775.46873014,375600.782780621,447222.203592948,70.83334,0,0,0,0
SmallShip,"Small Grid 4648",20514.103296783,-29324.8783692135,25419.1370751896,1.5,0,0,0,0
Station,"Keeper - Haven",278907.763145812,850077.859446689,-434585.343926921,308.3333,0,0,0,0
Station,"Array",37674.2716170431,506929.86487997,-17185.6121645261,366.6667,0,0,0,0
SmallShip,"Small Grid 1288",19226.4328866268,-20370.9134033932,34604.0687158146,0.6666667,0.0600852,-0.03895537,0.03526722,0.02913648
SmallShip,"Small Grid 9398",19223.990381744,-20373.0501221432,34601.4207665959,0.6666667,0.0850867,-0.03406186,0.07434091,0.02351524
SmallShip,"Small Grid 1211",19222.6025643612,-20374.2024658932,34603.5037744084,0.6666667,0.005900159,-0.004913274,-0.003113366,-0.0009892248
Station,"Static Grid 740",19212.603728807,-20387.7311319652,34589.0304501523,14.58333,0,0,0,0
SmallShip,"Small Grid 8919",38023.8733446817,112236.297319628,-129969.200282269,1.416667,0,0,0,0
LargeShip,"Large Grid 793",18290.5051217342,-22331.7708252682,27502.9381005802,22.91667,0,0,0,0
Station,"Static Grid 9094",275203.164032589,861841.826215622,-447290.078737653,45.83334,0,0,0,0
LargeShip,"Large Grid 9487",26000.0652108455,-36210.0681885494,37975.7293603459,6.25,0,0,0,0
Station,"Static Grid 1770",18282.7144988836,-22332.1560478165,27505.7510608962,6.25,0,0,0,0
SmallShip,"Small Grid 7951",37583.2208902211,117627.830733884,-125777.098708326,1.5,0,0,0,0
LargeShip,"Valjean",-22989.2661296208,-8936.68134212077,-1336.72452456913,47.91666,0,0,0,0
SmallShip,"Static Grid 1907",-245307.565577674,375685.545475933,447102.952616385,60.41666,0,0,0,0
SmallShip,"Small Miner",19193.9061532284,-20361.7815674557,34588.3963525334,2.75,0,0,0,0
SmallShip,"Scout",18444.5650887752,-23481.0821045651,28317.8951318302,2,0,0,0,0
SmallShip,"Small Grid 8772",19224.474756744,-20372.9202393307,34605.3289697209,0.6666667,0.1166856,-0.01798791,0.1152882,-0.0007728953
SmallShip,"Small Grid 6804",19227.8172860409,-20369.5862549557,34604.9952294865,0.6666667,0.04938632,0.02320146,0.02532262,-0.03548894
SmallShip,"Static Grid 6698",777817.881816518,777744.797574171,777783.419421201,31.25,0,0,0,0
SmallShip,"Small Rover C",19224.4950204159,-20373.2522705807,34603.3660790959,2.916667,0.07803696,-0.06207285,0.04414516,0.01696859
SmallShip,"Small Grid 3038",19226.7978768612,-20372.3343018307,34607.6404931584,0.6666667,0.03081877,-0.009293718,-0.01170835,0.02695066
Station,"Sky Base 01",18282.7145028377,-22332.1560791744,27505.7510888615,118.75,0,0,0,0
SmallShip,"Static Grid 1457",796.625080554068,-166.621562293205,2348.35346925758,12.5,0.4964824,-0.0704442,0.3924644,0.2958109
LargeShip,"Large Grid 5255",26052.4182381893,-35943.9051026119,38450.3240869084,8.333333,0,0,0,0
SmallShip,"Small Grid 4266",19227.2928719784,-20369.6028565182,34607.1085107365,0.9166667,0.1653499,-0.07390399,0.1473349,-0.01308534
Station,"Black Market",-14138.0717849941,-82262.0470903526,45197.889019799,339.5833,0,0,0,0
Station,"Whiter",-238850.390121747,352137.718982055,472654.913907872,329.1667,0,0,0,0
Station,"(OGM) OutPost",20531.9231210018,-29332.1160401119,25413.1146142521,208.3333,0,0,0,0
LargeShip,"Zeus Mk 7 Warship",285500.491030994,860496.187986064,-435436.908057803,218.75,0,0,0,0
Station,"Base Station",-246657.566321805,375509.100044009,447141.481565931,870.8334,0,0,0,0
Asteroid,"ProcAsteroid-1999862338r93.96313",12462.0022807418,-34094.4079675309,35679.9961771929,128,0,0,0,0
Asteroid,"many_medium_asteroids-1589764438",-6.06296101248036,9.01836978629279,-1.6967607700329,64,0,0,0,0
Asteroid,"ProcAsteroid-806442473r281.9514",-16623.1785261866,-83731.7521509654,-4024.06647767301,512,0,0,0,0
Asteroid,"ProcAsteroid-1929581738r268.5237",8218.43713231383,-43102.109850795,34739.7428003099,512,0,0,0,0
Asteroid,"many2_small_asteroids-546117897",24.7820114976954,22.0654403464499,-17.1308586156388,64,0,0,0,0
Asteroid,"many_medium_asteroids-165578762",-60.1185681876725,57.9635801391797,24.1165484655919,64,0,0,0,0
Asteroid,"ProcAsteroid-1929803567r64",5707.26109645072,-48335.1923616663,34146.4664566469,64,0,0,0,0
Asteroid,"ProcAsteroid-2138772313r311.0449",-15638.28637275,-64658.7660132103,-56884.3941121415,512,0,0,0,0
Asteroid,"ProcAsteroid-952702441r163.3398",-3015.01499789378,-66065.131610243,24917.8769701425,256,0,0,0,0
Asteroid,"Asteroid_-2_1_-1_9_90105387",-29694.759765625,20926.509765625,-13988.5302734375,512,0,0,0,0
Asteroid,"ProcAsteroid-449628429r129.7704",19449.8805285442,-3485.75845869384,-47742.9091199864,256,0,0,0,0
Asteroid,"small2_asteroids-382033215",-1.94415367196363,-60.4397254158235,-28.3674167747712,64,0,0,0,0
Asteroid,"ProcAsteroid-1246195549r243.9062",416.24549025598,-60057.7925869073,28184.0438904669,256,0,0,0,0
Asteroid,"Asteroid_-1_-6_2_1_2053916835",-14053.5571893347,-82282.3443838855,45119.06172326,512,0,0,0,0
Asteroid,"Asteroid_2_8_-9_1_2127795682",42775.5351137002,130388.115222609,-128615.89558344,512,0,0,0,0
Asteroid,"ProcAsteroid-739718139r214.8128",3079.82197101815,-53685.7812527727,30528.0886275928,256,0,0,0,0
Asteroid,"Asteroid_-2_2_1_0_1325399424",-18723.9739405087,37385.100359204,26392.7691491955,512,0,0,0,0
Asteroid,"Asteroid_0_-2_1_2_1449007477",11089.6982421875,-30101.50390625,22173.4921875,512,0,0,0,0
Asteroid,"Asteroid_2_6_-4_8_1208774321",33029.0055557496,103708.333377015,-53691.5114209363,512,0,0,0,0
Asteroid,"ProcAsteroid-227249597r237.1923",-5788.02587589677,-70881.2623364965,20722.2051407774,256,0,0,0,0
Asteroid,"ProcAsteroid-985833500r306.569",-8177.73384866459,-72673.3525193247,19313.9595375512,512,0,0,0,0
Asteroid,"ProcAsteroid-1416127633r237.1923",24494.4934155682,950.881772502263,2230.56333197265,256,0,0,0,0
Asteroid,"ProcAsteroid-317560945r100.677",-20392.4705021591,-79051.7617648767,-37022.162261713,128,0,0,0,0
Asteroid,"ProcAsteroid-52295591r172.2916",-4502.59885822441,-41322.9863265171,-66892.1906217623,256,0,0,0,0
Asteroid,"ProcAsteroid-1375287280r353.566",14031.9870407184,-25986.174713393,29972.6354100783,512,0,0,0,0
Asteroid,"ProcAsteroid-1753648025r500",18162.0778866768,-22414.41145013,27577.4195943024,512,0,0,0,0
Asteroid,"ProcAsteroid-901495339r170.0536",15874.2255521134,-31192.7363366734,30318.9513413878,256,0,0,0,0
Asteroid,"ProcAsteroid-910610830r411.7529",12588.0642423364,-39355.3083692741,31843.1050015026,512,0,0,0,0
Asteroid,"ProcAsteroid-722722509r87.64797",14989.3363543329,-26139.9701496467,9594.33015940294,128,0,0,0,0
Asteroid,"ProcAsteroid-1050608657r259.5719",9263.32949575542,-17988.1164680493,-62531.0608384349,512,0,0,0,0
Asteroid,"ProcAsteroid-145561618r366.9938",-2028.83658392183,-70286.6584700908,22437.7785155973,512,0,0,0,0
Asteroid,"ProcAsteroid-1843438926r87.64797",13201.0260571321,-27427.6958641543,1889.40267363801,128,0,0,0,0
Asteroid,"ProcAsteroid-1921064409r500",-3356.94238123043,-61964.2471045846,27324.4074864333,512,0,0,0,0
Asteroid,"ProcAsteroid-1065635955r500",3506.92434448704,-41083.6121580234,34868.0076389926,512,0,0,0,0
Asteroid,"many2_small_asteroids-432979736",1267.17453789801,-1954.49514197678,996.682459147248,64,0,0,0,0
Asteroid,"ProcAsteroid-1480726199r333.8834",4175.14262204904,-22094.649345108,-5004.95047558432,512,0,0,0,0
Asteroid,"ProcAsteroid-1006804526r301.7047",1281.63913715535,-1774.55388043392,1241.80783423681,512,0,0,0,0
Asteroid,"ProcAsteroid-2081197718r35.88268",1079.76072961882,-1593.21835613184,894.283176952769,64,0,0,0,0
Asteroid,"ProcAsteroid-929043551r74.41843",-246594.5727958,375389.562334637,447183.891837414,128,0,0,0,0
Asteroid,"DeformedSphere2_64x64x64-1237968130",-593.55383854687,-736.98546420469,-296.34412193433,64,0,0,0,0
Asteroid,"many_medium_asteroids-620052861",15032.0121427277,-26104.2767074101,9730.00882627886,64,0,0,0,0
Asteroid,"reef_ast-720755716-3",-37.2551416166709,37.4819070453239,6.2523395396045,64,0,0,0,0
Asteroid,"ProcAsteroid-600899134r234.5496-0",742.048545179878,-9165.08443619886,-893.201835618433,256,0,0,0,0
Asteroid,"ProcAsteroid-1495369447r240.146",1367.8418546562,-1885.42204017103,1271.02636724013,256,0,0,0,0
Asteroid,"ProcAsteroid-1234r51.27231",368.901394137658,-344.131630709352,403.563687550101,64,0,0,0,0
Asteroid,"ProcAsteroid-1762761811r196.1169",31948.215723568,103437.964592754,-53336.8217084251,256,0,0,0,0
Asteroid,"ProcAsteroid-12345r301.7047",1256.32024258592,-1738.76485901512,1242.01317873991,512,0,0,0,0
Planet,"Aynor-12345d19000-1-0-1-1-0-1-1-0-0-1-0-0-0-2",2046.47457380935,-39057.4611104313,-17229.5923976184,19000,0,0,0,0
Planet,"Yarin-12345d19000-1-0-0-0-0-0-0-0-1-2-0-0-0-0-0-0-0-0-0-0-0-1-1-0-0-2-0-0-0",24190.5364434067,-28123.6364130529,33849.5393296191,19000,0,0,0,0
Asteroid,"many_small_asteroids-1386035234",1296.3312392761,-2064.20504058461,925.421146156923,128,0,0,0,0
Asteroid,"ProcAsteroid-1887131187r219.8185",34060.8880291421,103735.5891892,-53840.5529616131,256,0,0,0,0
Asteroid,"ProcAsteroid-2081197718r7.901257",2694.70577754244,-4282.27701790785,3497.67870953438,32,0,0,0,0
Asteroid,"ProcAsteroid-175675880r44.03037",32331.6185252503,102449.247633253,-54785.4408912073,64,0,0,0,0
Asteroid,"ProcAsteroid-288323288r64",35053.4519071349,100981.815163108,-53945.0164426006,64,0,0,0,0
Asteroid,"ProcAsteroid-722722509r61.06583",15052.0880796068,-26099.6752710129,9792.507517018,64,0,0,0,0
Asteroid,"many_medium_asteroids-615350573",1277.83318823431,-2098.3473767378,881.414676041509,64,0,0,0,0
Asteroid,"ProcAsteroid-123453r133.817",-314.27283136398,48.10001136275,541.453872537695,256,0,0,0,0
Asteroid,"ProcAsteroid-1734291060r191.1788",5392.37716934524,-28443.9981425775,34.6357787832343,256,0,0,0,0
Asteroid,"ice_02_largestone-1502172195",-595.667110605047,-748.691152859677,-291.45139979614,64,0,0,0,0
Asteroid,"ProcAsteroid-12345r64",-27.8861140626987,-92.4492657684681,-477.760714638115,64,0,0,0,0
Asteroid,"ProcAsteroid-1495369447r240.146-0",1200.26631278124,-1751.00225703464,1207.61101509217,256,0,0,0,0
Asteroid,"ProcAsteroid-1273436063r77.6079",32756.3779099928,105367.114997609,-52198.7199274909,128,0,0,0,0
Asteroid,"ProcAsteroid-979849563r172.2917",1328851.59289959,-174399.619351163,-690643.327964144,256,0,0,0,0
Asteroid,"ProcAsteroid-12345r40.07994",659.927641360894,-716.010335556161,585.339861808454,64,0,0,0,0
Asteroid,"desertrocks_largestone-884217292",1267.20071232544,-1920.75412192866,1031.71421683939,64,0,0,0,0
Asteroid,"ProcAsteroid-185288464r333.8834",2759.6639506536,-14269.276307886,-7144.06229575975,512,0,0,0,0
Asteroid,"ProcAsteroid-2109383230r183.4814",20287.2670782572,-11246.8904087411,20363.8652677525,256,0,0,0,0
Asteroid,"ProcAsteroid-548736621r38.61114",-1712739.84023762,-787413.565034332,-677857.56095551,64,0,0,0,0
Asteroid,"Barths_moon_base-165844928-4",15043.2116585339,-26225.0091401014,9723.98746387851,256,0,0,0,0
Asteroid,"ProcAsteroid-123453r98.84063",-75.7123702380779,-186.550464556474,-328.993091825442,128,0,0,0,0
Asteroid,"ProcAsteroid-1214863614r74.41843",1328928.80577783,-174164.541592503,-690673.048825348,128,0,0,0,0
Asteroid,"EngineersOutpost-863643721-2",-578.780002039728,-852.091835966319,-352.10233317141,256,0,0,0,0
Asteroid,"ProcAsteroid-549420938r76.80556",-1712680.54472912,-787443.296946296,-677783.39575742,128,0,0,0,0
Asteroid,"many_small_asteroids-2055023363",2665.07722926549,-4268.40429437314,3418.93676614568,128,0,0,0,0
Asteroid,"ProcAsteroid-1070680653r136.4844",-1712585.17947758,-787698.230687001,-677784.204728797,256,0,0,0,0
Asteroid,"ProcAsteroid-105842850r100.6771",-1712780.67565296,-787365.809319491,-677876.270875835,128,0,0,0,0
Asteroid,"ProcAsteroid-600899134r234.5496",6850.40760784355,-9640.19355510993,8533.15224626356,256,0,0,0,0
Planet,"Moon-1887131187d19000-1-0-0-0-0-1-0-0-0-0-0-0-0-0-0-0",276481.422615593,853623.641697055,-442868.642050759,19000,0,0,0,0
Asteroid,"ProcAsteroid-1184664082r74.41843",270449.908236113,852607.687416609,-455700.719247619,128,0,0,0,0
Asteroid,"P(Yarin-12345d19000)S(1125900041060371)A(G(Stones)M(EarthDesertArea)__0)-0",20350.1925017834,-19883.8779230118,35774.0017837286,16,0,0,0,0
Asteroid,"ProcAsteroid-1214863614r74.41843-0",-246686.973359341,375498.969058208,447148.293000662,128,0,0,0,0
Asteroid,"ProcAsteroid-1157141584r136.4844",-1712977.34896082,-787533.771629298,-677747.319802683,256,0,0,0,0
Asteroid,"P(Yarin-12345d19000)S(1125900024283154)A(G(Stones)M(EarthDesertArea)__1)-0",19971.9293603897,-20043.0955131054,35373.8373260498,16,0,0,0,0
Asteroid,"P(Yarin-12345d19000)S(486539278)A(G(Stones)M(EarthDesertArea)__0)",24982.8285582066,-22090.9378008842,26867.846159935,16,0,0,0,0
Asteroid,"P(Yarin-12345d19000)S(1125899990728722)A(G(Stones)M(EarthDesertArea)__3)",19131.5264334679,-20472.0082011223,34966.2242485285,16,0,0,0,0
Asteroid,"P(Yarin-12345d19000)S(562950221856770)A(G(Stones)M(EarthDesertArea)__0)",17025.5981147289,-28011.5559542179,27979.1429166794,16,0,0,0,0
Asteroid,"P(Yarin-12345d19000)S(562950456737798)A(G(Stones)M(EarthDesertArea)__1)-3",17853.0910928249,-22508.0065188408,30121.4927639961,16,0,0,0,0
Asteroid,"P(Yarin-12345d19000)S(469762062)A(G(Stones)M(EarthDesertArea)__0)-1",24904.8999869823,-22383.1782941818,26612.7819983959,16,0,0,0,0
Asteroid,"P(Yarin-12345d19000)S(562950473515013)A(G(Stones)M(EarthDesertArea)__0)-4",18161.5195275545,-22313.2438607216,30017.3076021671,16,0,0,0,0
Asteroid,"ProcAsteroid-1212907830r229.5832",-4079.04563902811,3037.55825144702,1840.05580642048,256,0,0,0,0
Asteroid,"P(Yarin-12345d19000)S(562950473515009)A(G(Stones)M(EarthDesertArea)__11)-4",18657.6686275005,-22783.74508214,28773.3931176662,16,0,0,0,0
Asteroid,"P(Yarin-12345d19000)S(562950406406145)A(G(Stones)M(EarthDesertArea)__2)-8",18237.7799603939,-23759.7915220261,28290.4662611485,16,0,0,0,0
Asteroid,"P(Yarin-12345d19000)S(1125899923619840)A(G(Stones)M(EarthDesertArea)__2)-5",19138.0409208536,-22530.0122447014,28557.7591428757,16,0,0,0,0
Asteroid,"P(Yarin-12345d19000)S(562950473515009)A(G(Stones)M(EarthDesertArea)__10)-3",18525.6518746614,-22798.9653666019,28888.28013134,16,0,0,0,0
Asteroid,"P(Yarin-12345d19000)S(218103830)A(G(Stones)M(EarthDesertArea)__0)-6",20710.8987567425,-29527.2798428535,25362.5508897305,16,0,0,0,0
Asteroid,"P(Yarin-12345d19000)S(562950456737792)A(G(Stones)M(EarthDesertArea)__0)-0",18687.4561120272,-22983.1138396263,28554.6800751686,16,0,0,0,0
Asteroid,"P(Yarin-12345d19000)S(1125899923619840)A(G(Stones)M(EarthDesertArea)__0)-7",19241.9116851091,-22510.9513335228,28477.1416492462,16,0,0,0,0
Asteroid,"P(Yarin-12345d19000)S(520093725)A(G(Stones)M(EarthDesertArea)__2)-9",19529.2918714285,-22528.6916444302,28214.6101465225,16,0,0,0,0
Asteroid,"P(Yarin-12345d19000)S(562950389628930)A(G(Stones)M(EarthDesertArea)__0)-11",17987.0801954269,-23924.7845571041,28435.3770771027,16,0,0,0,0
Asteroid,"P(Yarin-12345d19000)S(562950406406145)A(G(Stones)M(EarthDesertArea)__1)-10",18219.7781624794,-23709.6286215782,28343.7295970917,16,0,0,0,0
Asteroid,"P(Yarin-12345d19000)S(562950456737793)A(G(Stones)M(EarthDesertArea)__2)-1",18564.36792171,-23026.7628479004,28624.8318367004,16,0,0,0,0
Asteroid,"P(Yarin-12345d19000)S(234881047)A(G(Stones)M(EarthDesertArea)__0)-1",20185.3147668839,-28944.5812907219,25543.3843207359,16,0,0,0,0
Asteroid,"P(Yarin-12345d19000)S(218103831)A(G(Stones)M(EarthDesertArea)__0)",20339.6781897545,-29383.5050685406,25535.5620632172,16,0,0,0,0
Asteroid,"P(Yarin-12345d19000)S(562950406406145)A(G(Stones)M(EarthDesertArea)__0)",18086.8092703819,-23799.7823250294,28395.0099663734,16,0,0,0,0
Asteroid,"P(Yarin-12345d19000)S(562950406406144)A(G(Stones)M(EarthDesertArea)__5)",18261.3369235992,-23872.7524991035,28188.8175077438,16,0,0,0,0
Asteroid,"P(Yarin-12345d19000)S(503316510)A(G(Stones)M(EarthDesertArea)__0)-1",18964.3405393362,-23020.943403244,28221.6568250656,16,0,0,0,0
Asteroid,"P(Yarin-12345d19000)S(562950339297284)A(G(Stones)M(EarthDesertArea)__2)-2",17182.5030909777,-24661.2187407017,28863.9900431633,16,0,0,0,0
Asteroid,"P(Yarin-12345d19000)S(562950473515010)A(G(Stones)M(EarthDesertArea)__5)-3",18540.9776157141,-22688.2387285233,28993.2777647972,16,0,0,0,0
Asteroid,"P(Yarin-12345d19000)S(562950439960579)A(G(Stones)M(EarthDesertArea)__2)-4",18090.3580436707,-22915.233953476,29220.0927681923,16,0,0,0,0
Asteroid,"P(Yarin-12345d19000)S(1125899990728721)A(G(Stones)M(EarthDesertArea)__6)",19006.2210707664,-20492.7545828819,34634.5626608133,16,0,0,0,0
Asteroid,"P(Yarin-12345d19000)S(1125899990728721)A(G(Stones)M(EarthDesertArea)__7)",19202.2612419128,-20392.5102033615,34602.8941155672,16,0,0,0,0
Asteroid,"P(Yarin-12345d19000)S(1125899990728721)A(G(Stones)M(EarthDesertArea)__8)",19183.0043001175,-20377.1648340225,34452.824401021,16,0,0,0,0
Asteroid,"P(Yarin-12345d19000)S(1125900007505937)A(G(Stones)M(EarthDesertArea)__7)",19348.0401051044,-20296.2024683952,34578.3538529873,16,0,0,0,0
Asteroid,"P(Yarin-12345d19000)S(486539295)A(G(Stones)M(EarthDesertArea)__1)",18823.2388011217,-23222.9878945351,28175.3818364143,16,0,0,0,0
Asteroid,"P(Yarin-12345d19000)S(486539295)A(G(Stones)M(EarthDesertArea)__3)",18730.9959038496,-23299.7289302349,28218.9211010933,16,0,0,0,0
Asteroid,"P(Yarin-12345d19000)S(562950423183360)A(G(Stones)M(EarthDesertArea)__3)",18524.0562689304,-23524.365003109,28241.7434751987,16,0,0,0,0
Asteroid,"P(Yarin-12345d19000)S(281474976710672)A(G(Stones)M(EarthDesertArea)__11)",24590.8253618479,-34518.4665975571,40493.8297395706,16,0,0,0,0
Asteroid,"P(Yarin-12345d19000)S(281475010265104)A(G(Stones)M(EarthDesertArea)__0)",24229.2399150133,-34060.8753445148,40958.168238759,16,0,0,0,0
Asteroid,"P(Yarin-12345d19000)S(281474976710673)A(G(Stones)M(EarthDesertArea)__2)",24851.8396729231,-34472.1404790878,40523.8724412918,16,0,0,0,0
Asteroid,"P(Yarin-12345d19000)S(281474976710673)A(G(Stones)M(EarthDesertArea)__5)",24784.1854642034,-34485.9658310413,40507.9221127033,16,0,0,0,0
Asteroid,"P(Yarin-12345d19000)S(1407375219097605)A(G(Stones)M(EarthDesertArea)__0)",26150.3605366945,-35619.2371224165,38986.4286031723,16,0,0,0,0
Asteroid,"P(Yarin-12345d19000)S(1407375219097608)A(G(Stones)M(EarthDesertArea)__2)",26599.397847414,-36203.6890543699,37688.5884575844,16,0,0,0,0
Asteroid,"P(Yarin-12345d19000)S(251658263)A(G(Stones)M(EarthDesertArea)__6)",20150.1685063839,-28491.5730803013,25568.1727526188,16,0,0,0,0
Asteroid,"P(Yarin-12345d19000)S(234881048)A(G(Stones)M(EarthDesertArea)__0)",19805.3671247959,-28797.5024929047,25755.6191523075,16,0,0,0,0
Asteroid,"P(Yarin-12345d19000)S(251658264)A(G(Stones)M(EarthDesertArea)__4)",19867.833823204,-28310.3711028099,25709.4829258919,16,0,0,0,0
Asteroid,"P(Yarin-12345d19000)S(1125899973951505)A(G(Stones)M(EarthDesertArea)__0)",18868.4471244812,-20547.8981370926,34475.7744243145,16,0,0,0,0
Asteroid,"P(Yarin-12345d19000)S(1125899973951506)A(G(Stones)M(EarthDesertArea)__2)",18778.2397098541,-20730.2896814346,35167.2122453451,16,0,0,0,0